"","V1","V2","V3","V4","V5","V6","V7","V8","V9","V10","V11","V12","V13","V14","V15","V16","V17","V18","V19","V20","V21","V22","V23","V24","V25","V26","V27","V28","V29","V30","V31","V32","V33","V34","V35","V36","V37","V38","V39","V40","V41","V42","V43","V44","V45","V46","V47","V48","V49","V50"
"1",NA,NA,NA,NA,NA,NA,NA,NA,NA,NA,NA,NA,NA,NA,NA,NA,NA,NA,NA,NA,NA,NA,NA,NA,NA,NA,NA,NA,NA,NA,NA,NA,NA,NA,NA,NA,NA,NA,NA,NA,NA,NA,NA,NA,NA,NA,NA,NA,NA,NA
"2",NA,NA,NA,NA,NA,NA,NA,NA,NA,NA,NA,NA,NA,NA,NA,NA,NA,NA,NA,NA,NA,NA,NA,NA,NA,NA,NA,NA,NA,NA,NA,NA,NA,NA,NA,NA,NA,NA,NA,NA,NA,NA,NA,NA,NA,NA,NA,NA,NA,NA
"3",NA,NA,NA,NA,NA,NA,NA,NA,NA,NA,NA,NA,NA,NA,NA,NA,NA,NA,NA,NA,NA,NA,NA,NA,NA,NA,NA,NA,NA,NA,NA,NA,NA,NA,NA,NA,NA,NA,NA,NA,NA,NA,NA,NA,NA,NA,NA,NA,NA,NA
"4",NA,NA,NA,NA,NA,NA,NA,NA,NA,NA,NA,NA,NA,NA,NA,NA,NA,NA,NA,NA,NA,NA,NA,NA,NA,NA,NA,NA,NA,NA,NA,NA,NA,NA,NA,NA,NA,NA,NA,NA,NA,NA,NA,NA,NA,NA,NA,NA,NA,NA
"5",NA,NA,NA,NA,NA,NA,NA,NA,NA,NA,NA,NA,NA,NA,NA,NA,NA,NA,NA,NA,NA,NA,NA,NA,NA,NA,NA,NA,NA,NA,NA,NA,NA,NA,NA,NA,NA,NA,NA,NA,NA,NA,NA,NA,NA,NA,NA,NA,NA,NA
"6",NA,NA,NA,NA,NA,NA,NA,NA,NA,NA,NA,NA,NA,NA,NA,NA,NA,NA,NA,NA,NA,NA,NA,NA,NA,NA,NA,NA,NA,NA,NA,NA,NA,NA,NA,NA,NA,NA,NA,NA,NA,NA,NA,NA,NA,NA,NA,NA,NA,NA
"7",NA,NA,NA,NA,NA,NA,NA,NA,NA,NA,NA,NA,NA,NA,NA,NA,NA,NA,NA,NA,NA,NA,NA,NA,NA,NA,NA,NA,NA,NA,NA,NA,NA,NA,NA,NA,NA,NA,NA,NA,NA,NA,NA,NA,NA,NA,NA,NA,NA,NA
"8",NA,NA,NA,NA,NA,NA,NA,NA,NA,NA,NA,NA,NA,NA,NA,NA,NA,NA,NA,NA,NA,NA,NA,NA,NA,NA,NA,NA,NA,NA,NA,NA,NA,NA,NA,NA,NA,NA,NA,NA,NA,NA,NA,NA,NA,NA,NA,NA,NA,NA
"9",NA,NA,NA,NA,NA,NA,NA,NA,NA,NA,NA,NA,NA,NA,NA,NA,NA,NA,NA,NA,NA,NA,NA,NA,NA,NA,NA,NA,NA,NA,NA,NA,NA,NA,NA,NA,NA,NA,NA,NA,NA,NA,NA,NA,NA,NA,NA,NA,NA,NA
"10",NA,NA,NA,NA,NA,NA,NA,NA,NA,NA,NA,NA,NA,NA,NA,NA,NA,NA,NA,NA,NA,NA,NA,NA,0.243307799067587,NA,NA,NA,NA,NA,NA,NA,NA,NA,NA,NA,NA,NA,NA,NA,NA,NA,NA,NA,NA,NA,NA,NA,NA,NA
"11",0.213667038980641,0.202810527782349,0.210903359339314,0.206559934368697,0.221065257025775,NA,NA,NA,NA,NA,NA,0.210288280125255,0.209849581286003,NA,NA,0.202892534365883,0.213382408863099,0.198479184489513,NA,NA,NA,NA,NA,NA,0.212900448890058,0.21650653156966,NA,NA,NA,0.217274417623665,0.20865220948293,0.213691249977323,NA,NA,NA,0.225312871153374,NA,NA,0.226513617045007,NA,NA,NA,NA,NA,NA,NA,NA,NA,NA,0.221085468795896
"12",0.203851807207511,0.205397608834549,0.211619511670115,0.198929230630951,0.21242488352375,0.207799045973346,NA,0.248319478453271,0.220705295888977,0.207539993882215,0.191258897105472,0.199563249346085,0.207501801750703,0.190501893347106,0.220432435071344,0.208726180012899,0.208240252152844,0.195176689141329,0.206958445971151,0.220255213262618,0.208897075365879,NA,0.211648979446331,0.222507702008273,0.212049599380105,0.210552247482181,0.211465983615671,0.20862296171844,NA,0.200727091964887,0.195186853035139,0.185385615453666,0.213801946390513,NA,0.222249273710891,0.213826683973739,0.231597603475886,0.220487334837874,0.240001985660389,0.21665510257335,0.188215260117212,NA,0.217260765662939,0.227524227819127,0.221419790468137,NA,0.233988565380853,0.208746920451619,0.220029479119177,0.21829978358275
"13",0.238380887439626,0.248209133927224,0.250901548548311,0.258494804244252,0.210784570482312,0.236070026255996,0.224392240022469,0.250657260322122,0.244220338211219,0.229105329218639,0.221052742774047,0.255271924794725,0.233944587262778,0.244287176443401,0.242302519817007,0.242089852639078,0.240342975469281,0.239903104093807,0.234920957914476,0.225679783937833,0.241319912164054,0.240483058402822,0.234482426022819,0.243248518756402,0.238031785024972,0.245186696139711,0.228240967203081,0.251781282306825,0.233351927187604,0.256310852095132,0.236640235021627,0.240221788398718,0.241864425030519,0.229065179360979,0.242127853357605,0.253452822029727,0.237640370259946,0.224018212325363,0.236697491622771,0.247702922469143,0.223238101726881,0.242645118887243,0.246417927247162,0.256549145848712,0.226970335955018,0.24180670251415,0.251849974189229,0.230759081679266,0.238319859419577,0.241317965853381
"14",0.244640392572247,0.216000152614434,0.211607175347489,0.220932538965431,0.218683189534289,0.241439163407676,0.227971204047817,0.22740762608598,0.239268463185489,0.230234919209758,0.255125360861266,0.227299033422119,0.220876473375393,0.238958828938741,0.226961907073762,0.212200365323364,0.23501044211696,0.217473734175487,0.252631246484636,0.250954171725165,0.238011870847671,0.230013834363183,0.23491850254839,0.245379188707451,0.226564970395653,0.23131678368889,0.226230492251624,0.244670127600311,0.23293137461632,0.24014620983263,0.212602361048198,0.23034506748264,0.233704709286683,0.245479213571281,0.244970593449057,0.206550968459704,0.246978387876623,0.223598180183279,0.214401040467036,0.254455559209486,0.22590073110421,0.254435028954566,0.242153804968806,0.20141126057808,0.224382648614835,0.257790296500634,0.224795417089124,0.245590944028972,0.234365566046427,0.227481466794497
"15",0.24543576790993,0.233048147611704,0.246877895385477,0.252991667749917,0.250122004055993,0.248454424278695,0.248464200597915,0.248110342732093,0.237779960112016,0.261265689224571,0.247316244256242,0.264976062320615,0.251589146294361,0.276996093997711,0.252481091149812,0.236437970187658,0.227681736053062,0.271376719783072,0.264460261639647,0.280364287175488,0.249879354799455,0.264598322193492,0.250193316971297,0.237888139024141,0.250769031670217,0.238460271896254,0.243347589199428,0.260394414843818,0.267690763529385,0.260502670777116,0.227869007693643,0.245563497515653,0.25742577176539,0.25870542400665,0.261651382183121,0.242877566064104,0.274722627701209,0.282364741945608,0.24114630640161,0.262081027342078,0.243385451680761,0.270792001236911,0.240924880843377,0.266371364455157,0.279114205853333,0.272337551486475,0.278357402415787,0.245511298377765,0.234948434327898,0.252544951106693
"16",0.268161880739642,0.257455685028135,0.259483895904164,0.255546097198267,0.262984345909929,0.24499084126439,0.230867147245329,0.249025750228942,0.25912246021594,0.26007297766734,0.237410125397371,0.259986652184188,0.26192130534361,0.266938741679743,0.243869219467717,0.25629350386802,0.279207299724828,0.248558946670937,0.236084696147491,0.253600417717081,0.248350020810442,0.262132299884935,0.246726762535786,0.243998763910869,0.269003601117679,0.242137940585038,0.244889231157448,0.250061459173754,0.256879038372534,0.227124719421406,0.258649596402543,0.258230158738507,0.244464982725019,0.270277460336293,0.25758098555503,0.235813218338685,0.25238289740297,0.264961726422592,0.250276695057818,0.26060764195214,0.251491753203195,0.257420310953276,0.246575562258,0.242686670947015,0.245398241392439,0.291874097354692,0.252743566200013,0.254189291238125,0.240269901086343,0.25670232477564
"17",0.260756022897405,0.259988249582319,0.254496980782015,0.264092822165539,0.250524674720926,0.242121486957269,0.261503469223874,0.267238165036362,0.252506537628697,0.273970611365628,0.268208158609779,0.275800317408287,0.273211302225851,0.259847440576739,0.270191538612632,0.267461180672729,0.266261454214897,0.257339383303142,0.259131662079623,0.234930547382857,0.2640617863985,0.22726217227271,0.256263080343311,0.25907037143757,0.25138736975695,0.262451098332915,0.246332596451308,0.259427105667904,0.255141209351446,0.238576653316972,0.26477611335671,0.250155774524469,0.264588103784622,0.238651708963295,0.261040869632711,0.247246609191672,0.245527058704606,0.271455490655723,0.247514990280998,0.26025327730796,0.248062488658091,0.256673067930451,0.27641778774954,0.257852836548971,0.260080476473556,0.268678871529989,0.246458029311958,0.250698802263935,0.269853783895014,0.25619203834206
"18",0.249946177748622,0.23694644020716,0.255247212923647,0.233176989772284,0.257879429677624,0.267813102174102,0.263716994418441,0.261407368370272,0.267259352387652,0.273536531122995,0.273948187998314,0.263467175344039,0.256538128819661,0.247045227140467,0.273336994404267,0.259274483402029,0.280153452482925,0.232229519153261,0.277136794507242,0.24932024967933,0.259907451945387,0.249267150725318,0.265235833507536,0.264060726791121,0.248869212519449,0.249742122080555,0.25619124012659,0.271669096297779,0.263084531776024,0.275437654876245,0.25552567209873,0.247395920522221,0.264037313290554,0.278597178467775,0.256891888586995,0.253892908351237,0.264027148861631,0.246302195246557,0.229949119852705,0.268050316408403,0.25077607017217,0.268807889908572,0.264305458188887,0.264808113038301,0.223063597657515,0.301760262843716,0.255960343865101,0.27241910098794,0.255057386886199,0.244976539642991
"19",0.268645863571602,0.291406617068502,0.289490088510889,0.301526843679244,0.294318912149547,0.296153159470386,0.29168583948841,0.306718792479836,0.274834808059989,0.288778203131325,0.299004269514149,0.301482463487247,0.268988941261756,0.310892527936251,0.288648438349064,0.279286765803746,0.291184047509318,0.290097801929053,0.283531228966397,0.271090280269423,0.296373957870808,0.296008043663095,0.279070803042014,0.29865179719859,0.26132991487496,0.278475712631702,0.306388273337552,0.316690338968308,0.303603775946991,0.278743911817674,0.298238376492024,0.294203778628291,0.298616190660176,0.305812864777395,0.285556276826025,0.302875420871601,0.301184578112663,0.31776828039751,0.257691409020702,0.284392652254094,0.275886568736371,0.297062298849643,0.305431940846175,0.326455197202959,0.314901007800783,0.326482939559281,0.287032626327484,0.290868730549081,0.274765642012378,0.278962992995007
"20",0.305231685813075,0.291345380843744,0.300953668410801,0.280343903867492,0.297211055123429,0.308384549023294,0.299437998428758,0.303153393909931,0.294547505743505,0.294729568463529,0.317409580669745,0.299482863582719,0.30354466070741,0.276342097803066,0.291511332185187,0.300888925279336,0.321238265662831,0.2913395186474,0.315967106115563,0.306861031721016,0.297122315877911,0.300421434201933,0.290519879240342,0.298538393819715,0.2847516698896,0.310140911207509,0.306285121289199,0.297563280197522,0.302838520185345,0.255289028771408,0.309386144129116,0.282967204401974,0.304673219865533,0.321912747921376,0.305506939148172,0.297740357153778,0.285250256764924,0.305974932586321,0.303942813717454,0.282890496269922,0.306630053817061,0.306623816213283,0.316558816679493,0.27500379514202,0.323643501567688,0.31706077177528,0.281220466139095,0.304652774232245,0.318917499200331,0.280142249208538
"21",0.2894137218574,0.294488077715953,0.292259926437127,0.297825551392249,0.29711326814278,0.292400276442799,0.299070850488546,0.305949351120069,0.283298524213913,0.2929994320415,0.293632405158246,0.309237792123547,0.320542193685394,0.308681418779977,0.310894422738682,0.2958087106381,0.280858569229335,0.294590125309126,0.31031069912271,0.269620415490971,0.281934002305011,0.308610986062628,0.290548939667671,0.289498338202579,0.29996425256696,0.290156506973796,0.274145723789555,0.280360207588903,0.284619181166171,0.323571456905382,0.289479591951717,0.278820473561038,0.296658965904684,0.304130183070254,0.291608036872691,0.297423943388694,0.293355029663275,0.287752264140803,0.309372314057439,0.277643085333048,0.294189907976582,0.294211229711799,0.297055273603733,0.296724169488488,0.296299941562521,0.275933019051965,0.302692796318322,0.289401831256426,0.293441560298132,0.310130308410927
"22",0.268054842811183,0.256214247821677,0.259124364360711,0.26073465462084,0.25285425066583,0.246727853610587,0.250492756450809,0.266270266402921,0.27606252461516,0.244486951046688,0.258720819073075,0.272089340984424,0.263131150485832,0.270488209533333,0.230812605468439,0.249356867511873,0.271260961681784,0.248327471332739,0.217132248353729,0.240462730244586,0.249192500298754,0.272114337145614,0.250033702070755,0.237213411427463,0.268400763807399,0.257621031679094,0.262280753039055,0.243631668067006,0.254074404957249,0.29851560816141,0.267669382141043,0.286313287285043,0.239613633942658,0.253728663889903,0.248342670349402,0.278693489474959,0.268647639581493,0.196371067873302,0.258351379617867,0.242754149115808,0.246414850203694,0.254011796867195,0.237714328116389,0.276153388786684,0.236145221936871,0.259273760525485,0.243814498297792,0.256587066362657,0.240040560011034,0.269231510659152
"23",0.220188831391991,0.217986820143916,0.222839907789401,0.215264726951591,0.235935608006994,0.226655698069894,0.217400814381308,0.254453913917259,0.238416935879535,0.227940345962383,0.229225782138927,0.213492287604645,0.221779112139003,0.226453221242719,0.22038932174027,0.216602655933099,0.222386601960307,0.212553883043963,0.211741670923784,0.241061925968626,0.231394147062253,0.21779606156244,0.230089710119139,0.236871936015606,0.22337487334211,0.229408711882468,0.251936368100083,0.223318668684523,0.229108453749689,0.227833396710953,0.223046758960104,0.224374941760097,0.229736591405932,0.209684832586997,0.24083146846573,0.237195071693241,0.259426765979095,0.243690095994964,0.231829119838054,0.221911639105155,0.209836800834549,0.238643049875817,0.233257806830718,0.234638474858653,0.251101800681394,0.211325137618235,0.227504125473032,0.232028811754284,0.234805600084082,0.230158264634267
"24",0.215096458597795,0.226292450679222,0.233498115295271,0.212198044267512,0.250182711302171,0.221127312467698,0.212661286718659,0.261129244578772,0.237143747460847,0.217373566594188,0.198260022751319,0.211115479412477,0.223475226394233,0.190385140536601,0.233462122212455,0.231305230519866,0.219897138757741,0.222444897108309,0.218163231249145,0.239402831728201,0.220350448279246,0.228545515327239,0.230551592694548,0.232723086908057,0.227622158268207,0.230908763760456,0.222250555850911,0.214214422998518,0.228253602753197,0.214807721600039,0.213693724315108,0.197671069261505,0.22803237283442,0.226412788984141,0.228948330545906,0.234533599238151,0.228359904230198,0.232517480128731,0.256838494901942,0.224512657029451,0.203388861997275,0.242461565023055,0.230359390554595,0.236993056578316,0.233210211559657,0.219813082057694,0.249433661631549,0.216734734229373,0.239048587843917,0.227648455503899
"25",0.270468435124397,0.289925800913391,0.291612099583486,0.299347109043778,0.275962547283379,0.269792099015303,0.270736424855775,0.273283111681386,0.273892229960567,0.251880568165591,0.240655709332219,0.287885948488729,0.265077936649862,0.273391885204634,0.269708411353079,0.279765033435699,0.271922877050388,0.283698384041032,0.260753326614635,0.260781015588944,0.270324183709504,0.265905641184743,0.266770035057203,0.272158761694832,0.270491388288702,0.279430435052839,0.262330894526867,0.28029575979494,0.254123039567907,0.284489674682649,0.275133926129408,0.277672137836502,0.272218767830961,0.248344138513237,0.264888177620379,0.292318076317893,0.257286471057714,0.258408429136959,0.272916932960947,0.274248940169832,0.260797646485499,0.255038699696431,0.276159119366884,0.280909504251248,0.250012424224398,0.251338282442684,0.276517916546601,0.259338623565488,0.266316522202563,0.265817647201913
"26",0.286335434088107,0.259020688676235,0.251283696705698,0.259627685913697,0.271500079202774,0.280229987920535,0.275127298055606,0.25401228269019,0.273396086833854,0.259460702393324,0.291352297049586,0.263178518071072,0.261986581965384,0.275343051661026,0.255792817464709,0.250942128676642,0.266551027244964,0.261064072580697,0.287336537578685,0.278056275111873,0.274544073944461,0.253934413446371,0.274082991592897,0.277230385158524,0.264076228343582,0.27619475087413,0.264102912976927,0.277389910912748,0.262729710251041,0.254991218594933,0.252873993757039,0.272488847091249,0.272636690616748,0.272906284831946,0.277362571380243,0.242870135780407,0.272765233099877,0.270337660086271,0.266512466782197,0.284270761042013,0.272005082340677,0.276295211471919,0.281029012969576,0.238317696966248,0.272881360152682,0.269589650084568,0.254434979580419,0.278110416093829,0.277399931071261,0.269487064664109
"27",0.276978482492364,0.258913065004628,0.272415924845977,0.27720872133442,0.304521725543544,0.275292880375831,0.290980031471434,0.270424656098334,0.264921167754417,0.289424343014608,0.27266906421248,0.288923996179456,0.287167575581544,0.304993762758989,0.27851573948033,0.26498542031843,0.244749122959845,0.311087736527728,0.303404115967289,0.321654710576519,0.272655877514438,0.288612750320221,0.283479898949225,0.257715136253244,0.288466031520935,0.266250195289354,0.272692356095816,0.282221646806404,0.29334761036774,0.299858258320882,0.253036279793349,0.272920177184517,0.284398193642193,0.280726325594389,0.2822380316299,0.269487095400102,0.288896181877808,0.333280026614094,0.296298086028445,0.284541991513161,0.277291423426,0.288677997568728,0.261739080767684,0.291816604593406,0.309591803625785,0.277812795969431,0.310892842762112,0.272075350571144,0.263218046748579,0.284776316548403
"28",0.314711056246964,0.315406576571486,0.319521430868229,0.316576582561616,0.323366613537743,0.279241038498125,0.275508873671731,0.28328040125851,0.300553920224246,0.296624335069879,0.25852135312808,0.309942335950645,0.30960404380691,0.310547400079527,0.274295662853501,0.309333279586745,0.3208661758488,0.300961962706716,0.265209756413862,0.295874909478413,0.284500950238036,0.306721362046105,0.288157772778686,0.269228467831237,0.32271500183029,0.28754968365836,0.29190140025693,0.284757290339125,0.290716442851647,0.287611682858089,0.316226841514329,0.315217692967501,0.281045104310183,0.291080700828449,0.286480165222566,0.30308664838054,0.278665762825204,0.301013074845726,0.311427816934754,0.291107605959479,0.299598236263977,0.271526895312544,0.277968768269114,0.295265746386346,0.27826576201674,0.305486733835695,0.293922506147545,0.287231909243133,0.274085075854331,0.307509070851177
"29",0.301228757221653,0.297876542116558,0.286945717652252,0.290726721923161,0.271109872971331,0.270534466996035,0.290643707428618,0.288925009320155,0.288926036144842,0.305083107548823,0.297858369865047,0.291934676705677,0.305530541767644,0.273704442780581,0.294927346924073,0.306631678100884,0.304311406353614,0.281921759314942,0.280929700738833,0.283327894937627,0.293805781298092,0.244693536849933,0.292227581338832,0.295010645950026,0.284035379605652,0.301659845504707,0.27671322498188,0.277729354052525,0.273701180923561,0.280957238516647,0.303809113605784,0.28426832514701,0.287885712024653,0.25422510923462,0.28721563085485,0.277303627177398,0.265567427922612,0.287670157480791,0.299125266569366,0.283844929899399,0.286843618710061,0.268948400983826,0.310763304531967,0.265838498150095,0.280404553543768,0.275081771467079,0.263846392081917,0.281475199664951,0.315092234639407,0.286378695805733
"30",0.316421453333524,0.327315622211315,0.353285835614856,0.322309952253713,0.354126309306239,0.338698893925465,0.347183791224327,0.319136205320501,0.329134074724851,0.349888010072799,0.330787447464867,0.353714064211451,0.339569391136571,0.319826531323442,0.350531561518866,0.35399566217803,0.343952917657086,0.339132170757559,0.352913818180634,0.342070764044169,0.328955524957777,0.311481818071308,0.346070468420579,0.324008538325952,0.322802715805412,0.337377484124514,0.33114018131318,0.332578855359589,0.323724029599395,0.347784673634198,0.341428170418375,0.323682721911954,0.346831604261404,0.319865834579251,0.32090683369556,0.353868554267991,0.316816282830491,0.327573708169202,0.318756153148619,0.329375532889447,0.338400551554612,0.309198403573766,0.334290631119722,0.336978137076649,0.337589499084906,0.322569953414816,0.323890967596555,0.330098690027561,0.334150277977048,0.341536180044593
"31",0.317211369175957,0.32958744573824,0.310534179795488,0.324916794850476,0.315415177564747,0.341998156555155,0.333691405982448,0.322048767793041,0.320750297780762,0.319383156608399,0.34800040169433,0.312177963073297,0.298159464796403,0.337511539521881,0.319447900552769,0.312523744701021,0.340439533283479,0.330524727257742,0.328396957835642,0.350589020147649,0.327566783073756,0.340178321341103,0.326493625891049,0.352723796589367,0.297490303998746,0.312308313482119,0.335883346603542,0.344440465301918,0.33487507157188,0.331171824013937,0.33192304229467,0.334349206898321,0.325778181234865,0.361399453636566,0.31418242994186,0.316873818665253,0.331710697169865,0.325317987604042,0.315941763554773,0.327244112259246,0.322930358485101,0.332079573897748,0.341609479400259,0.328085206768951,0.30344412260371,0.362919618338482,0.321584085208536,0.341858966376303,0.311801786361772,0.32186739920756
"32",0.337932576372834,0.334635007421321,0.353142792747505,0.342099806576492,0.319680542276414,0.348300775370651,0.369413172784622,0.345543286736598,0.330606084033468,0.337851235434178,0.36493063746212,0.357215102420569,0.340769977101655,0.338029572185694,0.336906136102219,0.340630836301442,0.327487355213011,0.352172857372584,0.358231652159515,0.353421651933421,0.34605932960116,0.340946894364008,0.34654868899577,0.327214568645907,0.320047126528373,0.364287333807333,0.365830024717343,0.349605450715456,0.35606054397133,0.349421708679857,0.349019684929957,0.339440584576077,0.358254388519481,0.340274329577306,0.350964921304642,0.361823567146289,0.346981229453083,0.349697563843786,0.325154527137135,0.323208558720731,0.349169925580154,0.35190746874957,0.355931131942846,0.356221553064721,0.367087952147513,0.329770800470619,0.326935755421008,0.332863523360011,0.358416621376851,0.329922415302688
"33",0.328803269798621,0.325778601372862,0.326399267743687,0.304182376353095,0.312948806420825,0.339624892297814,0.331208688276685,0.303540582691041,0.32846617303577,0.315036720038421,0.302904685731236,0.307522655883834,0.336243660234487,0.318468025063936,0.330403210055949,0.326726139158731,0.324692272537276,0.306244593612379,0.319616598521294,0.322992030104236,0.301508318480728,0.333531644094636,0.324384190167135,0.325860725316627,0.349308794379893,0.312251103563182,0.31388932129725,0.301232362541206,0.31326824650107,0.305714072277254,0.314782188803241,0.302945283386044,0.314571250215199,0.362342362323692,0.31847944592219,0.312274966298765,0.316803372352158,0.327357809917037,0.335254211499984,0.314101234030208,0.334196791853475,0.322128102731016,0.315066139662231,0.289133151029147,0.2980426130547,0.310950184302575,0.333746437164199,0.331204913756422,0.315045980587192,0.314911379178151
"34",0.300937128654108,0.317407832171109,0.299182455139409,0.338913469467008,0.303679431052962,0.267832168172518,0.293673084179602,0.296945384229771,0.294945965997443,0.273131056398957,0.287591258622948,0.32221325300917,0.30667895045203,0.315460146026954,0.274615448083137,0.296402864972815,0.27798936693304,0.314472753719242,0.265194402476633,0.290533393096265,0.29053322260802,0.288421845301812,0.280589241536801,0.275867152020871,0.30371940737978,0.308958396194675,0.291681840949219,0.281336847665185,0.293691009566919,0.341500143097242,0.307779700192913,0.329003296750686,0.281743194151705,0.260316734342924,0.278164605187479,0.320555783585041,0.278596434740013,0.26093980714775,0.29710844426502,0.271982229107881,0.275362834019303,0.279426787068115,0.284519573972006,0.317744467162551,0.29048636251846,0.257833554532553,0.286826294151039,0.27321166096651,0.286171985879452,0.323202063207013
"35",0.284123023854956,0.254392788111633,0.277045867802245,0.235185484723927,0.266382008009611,0.281643455481119,0.26568881793937,0.255903627988522,0.300568644779803,0.268908541084626,0.272219328699848,0.249549415439998,0.267530227709767,0.245679231035973,0.253429170448721,0.267827709221435,0.2844730868368,0.246804998559068,0.271408128914914,0.277390354242695,0.266226972602742,0.232869221412607,0.283562433293801,0.265432735179548,0.284305901702336,0.278782304592496,0.285392085201673,0.270198500173704,0.253014135831964,0.257877946715435,0.271177224984692,0.274300498890094,0.265620979398801,0.252698813328728,0.276217955807491,0.275248676414132,0.2745452483788,0.254078609591293,0.275091180016799,0.271731167968399,0.271635290706978,0.25576747673744,0.258273250123074,0.245480661187919,0.278191957251921,0.242598060763488,0.260756527139246,0.284093727813881,0.278793828583748,0.249400071000698
"36",0.257774204255513,0.288789835865534,0.274230151315743,0.296013886737937,0.309789050194218,0.270917416275504,0.280587040077951,0.298454441003989,0.265306757394108,0.27084291873762,0.255240197449543,0.258489614574009,0.269848125057365,0.279379973784334,0.292803470638091,0.272620378103117,0.242879052815126,0.282598901154424,0.270205255256423,0.28545668319451,0.277544777699762,0.282284358751102,0.275308577960746,0.295553700121059,0.274344970630289,0.267425689338888,0.273412404387151,0.273952854054368,0.28665344908491,0.277704489039446,0.264834849501592,0.258851858168246,0.279723065926127,0.266642094128654,0.277828342805486,0.274534345153098,0.271808814957345,0.307715426696686,0.294846318721166,0.277023823574964,0.25881900693156,0.279561885849129,0.287146505886665,0.281895732405471,0.290339500346368,0.250723537122165,0.302407182101841,0.267530182914304,0.272924715734734,0.287706751619535
"37",0.325221237198069,0.31393568581839,0.333943374090844,0.312128813241477,0.304423801127181,0.305173900968848,0.306954131777243,0.283058972997736,0.323291244460594,0.291387313938607,0.292921956943206,0.319016043451577,0.30578150521358,0.269893436822758,0.290217092131371,0.321866844664056,0.324928795620711,0.312285620129406,0.293634037114536,0.302616486953472,0.305946983455585,0.299387467585833,0.310914358383006,0.291753987316498,0.312912813255018,0.329847126644064,0.305230038320105,0.310342154933357,0.292772425426342,0.298641801081927,0.320150435902013,0.318993945757178,0.301724450604797,0.291939652367998,0.299166740432338,0.325207078413979,0.293842771322243,0.278346723439662,0.319123983179045,0.310022087677421,0.309607486915844,0.289312444372589,0.300186219524498,0.282899969219742,0.296429045456737,0.298741179764194,0.290694123970356,0.29982066394657,0.311474645829263,0.300903253829153
"38",0.317473805349368,0.316872931360806,0.302095620080113,0.319001446118865,0.332150626904592,0.337145656242205,0.330159218892966,0.314435499129359,0.312688535229359,0.322478806009126,0.336305278249558,0.307208763491081,0.312556420044056,0.341026151930887,0.333684144181029,0.304726998073199,0.299082171088585,0.307658830528596,0.331025869456793,0.312134511928438,0.329789960933498,0.307022201957981,0.328096290688402,0.345750033001802,0.317167109142825,0.311007799419046,0.322886518133039,0.324889484318798,0.311226637246084,0.31145221569455,0.299147565589586,0.313078419941312,0.329660913631888,0.322348732258768,0.326980471718779,0.290447084968318,0.330279168973282,0.329832845248218,0.329215830598934,0.341777387182707,0.326697282574894,0.317442336725454,0.334691549703567,0.317013233090774,0.314227630519046,0.304289183570168,0.326359244778265,0.330526764213033,0.316292779918887,0.328647093181443
"39",0.335220090720379,0.317965246512303,0.327993234074111,0.328088360080378,0.330616516172827,0.3199415294042,0.337471798654209,0.314892668441799,0.322627502257087,0.330556213303627,0.331524981597787,0.340142523762352,0.327099101510872,0.334242010970664,0.313638355772809,0.321044002160103,0.312485273699855,0.347992407806151,0.337539377732344,0.330212595147396,0.325013693570051,0.341887660314944,0.328501735884181,0.304237166253643,0.333740941791545,0.327423003519729,0.332007765973342,0.334656428853894,0.345266504028585,0.337193084386467,0.321067335465735,0.339035546909129,0.328623282468969,0.333940200198094,0.320072088348172,0.325573710959535,0.321549240175029,0.316710221351319,0.332220175599411,0.330559579449527,0.330072399322717,0.336841525881155,0.310178150762645,0.334533468671818,0.335010278551179,0.345532019105344,0.326584287635824,0.319700808794489,0.316524603588219,0.332597222295147
"40",0.344489830435848,0.340489502302259,0.34087162666777,0.338028538995755,0.341337116512975,0.336120871639138,0.338964787351941,0.326232179348818,0.335495003565264,0.347386180609277,0.322253398271037,0.328069651220268,0.337452017203335,0.346810310733727,0.331256708553409,0.336899244408381,0.340701824250971,0.321667367181153,0.328958687281844,0.326407829543601,0.332696496033674,0.34112937463635,0.336567337216526,0.334362506491318,0.350024838299325,0.322504830631376,0.33955014339567,0.335146894960328,0.331335537629941,0.333657953684129,0.341555874241173,0.33782289213577,0.33109011601802,0.340089624992308,0.332083431790225,0.328208289427942,0.335589698832728,0.343554608747452,0.346575347350226,0.343971497797994,0.346189592011346,0.32253654722907,0.330486841745335,0.335050995920002,0.322023321020709,0.343255604114916,0.338215781985551,0.34135326297969,0.324347617023464,0.337885860643012
"41",0.334427807712899,0.33555871530718,0.331164772830669,0.3358090180815,0.316641965291454,0.316968589891252,0.337884025368691,0.322422415691357,0.327743513839899,0.345827202800221,0.336935354306794,0.331082666686912,0.335792930471834,0.31868326048636,0.33740888046942,0.343081238578749,0.331773069911353,0.323092909959228,0.320019735536406,0.319158352099724,0.335473066269315,0.322747197732435,0.334053796450156,0.335345698022596,0.323278467623364,0.339677221204443,0.324132167228812,0.326379192903198,0.337016265415468,0.332276570641046,0.340908375269186,0.329949314152079,0.329959366197734,0.321547737302558,0.325909983574916,0.327317333497771,0.321488305554654,0.322212334606039,0.340487658157667,0.327111550270199,0.330616686505113,0.331629672348654,0.342257811578309,0.321204540631336,0.320902116903427,0.338364426210031,0.311477292737401,0.322529858761767,0.348200962382683,0.33317272223355
"42",0.345373963180374,0.348895130847673,0.362479269374314,0.339778794751178,0.350199020898092,0.367757975446419,0.374915187047931,0.334797801423565,0.355277162862345,0.371221932170247,0.364572151478398,0.356163754003644,0.34647648808967,0.344342041208409,0.368885754728792,0.365916203552936,0.363330514989506,0.350044298985818,0.36203536950644,0.361466675335402,0.357075574984684,0.348992232221503,0.371516140746012,0.361869927639549,0.34322761574169,0.355420281635,0.364064092041783,0.36482329349915,0.356490485381556,0.359373847014952,0.359832353878443,0.346959847856485,0.369916024510289,0.361539513908985,0.35093138838637,0.359856050715962,0.353053300722818,0.363883029933736,0.355266233740866,0.362475693566406,0.363591481421881,0.349288129681744,0.359260485650655,0.343604372123535,0.347923603908622,0.364200849935464,0.34819511065861,0.362370911628041,0.358598153902406,0.35354187152276
"43",0.382033012646059,0.406340224081534,0.397855178263814,0.410213852657954,0.4058712354118,0.40551850275496,0.400966709317912,0.38273279513663,0.382677585819497,0.392408718980884,0.399941239129065,0.397383935068477,0.376303878037629,0.405792685301257,0.393869029123068,0.394278323389307,0.39685640377487,0.411205653508623,0.390501047351989,0.421822664026558,0.397035221188391,0.409885113254471,0.39453386965933,0.406612520646479,0.369319599974427,0.389875501438443,0.40570156945142,0.409029564683827,0.397503388147928,0.381512306866382,0.405271407683726,0.400522658374516,0.402509260309743,0.412411964755815,0.387469777200723,0.40142619045087,0.399716948553887,0.408174376112558,0.388797160088703,0.39505956542228,0.401496012019256,0.391789173432416,0.406448225040052,0.406177805135277,0.418994058402345,0.40782099920688,0.389140023178036,0.395746416234753,0.383327623973564,0.402688447941601
"44",0.394972811197753,0.381498974963738,0.385089524880352,0.374591661394985,0.351914608633385,0.399323427399412,0.388741560693723,0.378728157502983,0.387671279678044,0.385364315156382,0.415069808995013,0.385823752105438,0.388466916193786,0.379512211295175,0.384142413994622,0.385397293675201,0.384602102094014,0.380634961510681,0.404063909250989,0.389014088965902,0.390248283386006,0.384908356932499,0.392440263576263,0.386437095807496,0.378148341261589,0.400888074995091,0.391328072123962,0.392140793801819,0.393806564842871,0.372085430022288,0.38996389214782,0.383998064783108,0.391658610720167,0.405398063191029,0.392288033510423,0.377420887260999,0.393416623895248,0.376860484513419,0.398166904876914,0.379844034416833,0.403695747256701,0.397532021356224,0.39903800334534,0.375879289964928,0.38823851736207,0.384638121011111,0.373802641100277,0.389999187656837,0.405872820530858,0.38999919420558
"45",0.389236980252063,0.403046552094745,0.402587764497616,0.404605084632041,0.384051384442991,0.395811637876079,0.396041014949315,0.385850398258188,0.382555617995261,0.388125046008635,0.378209575760995,0.409082522165566,0.406497720481642,0.411861483534611,0.399673768672512,0.39847850921033,0.375020736555705,0.393962528997611,0.394997556251355,0.37455679070382,0.377844953438124,0.394449885303545,0.391160317357693,0.376067055734929,0.416560361384483,0.389262970772312,0.397092433331954,0.377156637419319,0.379222368014808,0.38687099784911,0.394355000092936,0.390218630676721,0.394916768456948,0.39476537665928,0.383849937027591,0.406354074028694,0.381050549098243,0.393028081132821,0.383386907980215,0.382792053279395,0.403332258686191,0.378985698761454,0.381250024356103,0.393836161563277,0.414030809723641,0.359545835582528,0.390460479827047,0.386892600072108,0.379595683241142,0.394529826886141
"46",0.337742176036586,0.33475149381406,0.31376377313842,0.328865073805128,0.304136667722595,0.315824646743932,0.311383304855779,0.307841709640834,0.338046703479969,0.313277094203893,0.326244180119925,0.316896419459932,0.327268315458871,0.329575642145337,0.302287714609359,0.321425353912121,0.337260728928102,0.31292097824635,0.312284291185016,0.312150760138747,0.317175114856839,0.32004215670346,0.3178500666387,0.326460719206424,0.337504490800398,0.328232665539033,0.320213782818995,0.308176074240367,0.326453165016415,0.328613821021285,0.333687798954047,0.350730469452492,0.303626916276507,0.33005362526225,0.310772018563166,0.326042032497193,0.309222548237213,0.289772818484277,0.326615105132447,0.313885457555586,0.317683835647241,0.316449271505488,0.313035871060271,0.322393457802811,0.286005810373106,0.322919097803606,0.309315372893184,0.331073232861561,0.320794399603067,0.317259533037948
"47",0.31128047820255,0.324170785564534,0.339146043498544,0.325652610951744,0.339000683185436,0.323932470828216,0.338630197403285,0.325686138578013,0.328491566871312,0.327937295002097,0.322530312805878,0.324380980164268,0.327523278870847,0.319875643255024,0.326057190186372,0.331277682620774,0.307489236716562,0.337700694179694,0.325155239752398,0.327985752010579,0.329626430351184,0.299736491984813,0.335869112343719,0.318180427945028,0.325040936088238,0.338080532977094,0.337866620088434,0.321049752612934,0.323185237570114,0.328101510409285,0.333911858438244,0.328835136811326,0.333467951084294,0.28597778819831,0.336064924867823,0.347742330251729,0.322487448100816,0.339698253257512,0.302569896393732,0.314408956607537,0.319630632565053,0.308591224041492,0.324416045323845,0.329400264008358,0.359701067186244,0.27843597082058,0.320129498254529,0.319094576069561,0.338335279335726,0.321039246192993
"48",0.316570097904635,0.32481987596363,0.316160472337036,0.298662716475942,0.325505270244265,0.329399944202917,0.320076196945537,0.315591199946959,0.326830734092388,0.307878170753607,0.302730650306595,0.280807840781537,0.310830694343234,0.283974467812058,0.32261881059067,0.318674807742361,0.321653076327838,0.320381187356698,0.315088009620515,0.324981675887348,0.311645619060453,0.32074362751331,0.32271050831067,0.338384526211433,0.325377232539741,0.309455340426709,0.300534081810735,0.31017345712441,0.314854726055429,0.30371168480045,0.312386136668799,0.296133143253042,0.312945739513404,0.339608350612301,0.313051418335525,0.298697945028376,0.302678104838763,0.329476149543947,0.346608793193193,0.324177979687474,0.31540977675076,0.316412472937209,0.319255140569576,0.288444110604806,0.296986479479804,0.317488735602775,0.315170282828265,0.327350427852606,0.320147113356529,0.313552607682768
"49",0.356782446218589,0.374262585807003,0.373902501129071,0.402205629537421,0.372266686268256,0.351903515569927,0.380920749346225,0.358261569481729,0.348039656811648,0.344152478795457,0.355506897087556,0.384646364003608,0.358623197760026,0.364739158794779,0.364499874624053,0.367232169226101,0.342389937276311,0.385674420704328,0.355635644212367,0.346545548071255,0.369717502568578,0.357986714502767,0.358478767736922,0.353230131976732,0.351994565118205,0.377037701700214,0.369526372639022,0.367670517782883,0.353130500453064,0.346062532477704,0.366401832698402,0.375035774649834,0.367077054766326,0.327764252143606,0.358215007577181,0.376561716146889,0.355200920971894,0.359341264442825,0.348886435302654,0.358112923116401,0.356768177347782,0.349003174289179,0.366160824924949,0.366715418289658,0.368258325379538,0.32867607274227,0.350035372095996,0.344304189259864,0.35717149744279,0.367787084743974
"50",0.366795261035409,0.328552202113403,0.334094657633514,0.308155849082748,0.33829056220189,0.37572685882546,0.354296096459052,0.330691179648991,0.366353769988253,0.346056146221687,0.365467628510665,0.323258897447975,0.341799875858715,0.340815277832395,0.34296600675755,0.33312383249496,0.353177967591878,0.315968453633925,0.361810958705468,0.317476600961193,0.353412864234523,0.339143356793758,0.36139464585043,0.359299012547903,0.360336522655654,0.344603413007056,0.353718102245577,0.362185528278216,0.344753202519507,0.333574507296692,0.328682275794257,0.34623418365346,0.349860233874486,0.38101581099927,0.357368121821398,0.316253663529413,0.357562382115765,0.341799155179966,0.352778356265675,0.371644687231493,0.364659591495084,0.354782152848427,0.342246519363912,0.325790940645073,0.340942755315323,0.362449823941665,0.338228412067191,0.3726321370025,0.350211569588816,0.33720980051961
"51",0.340732065295071,0.350783520351823,0.338298474072734,0.383326912881892,0.382961153222119,0.338336096296952,0.373856932113009,0.371685639289968,0.328246462817227,0.360901550487033,0.350074322391262,0.360053424854119,0.352739943717664,0.393209168732297,0.361264006572816,0.339985153678108,0.309418035604076,0.388218022920561,0.368612019756322,0.377875190439362,0.357894761542273,0.373632084258817,0.344480975467678,0.34943092303997,0.357876643477442,0.339025387451317,0.364479290980238,0.359615802513726,0.383398531438458,0.3736642400562,0.338701603032319,0.357204106087783,0.357742891451721,0.349740277332062,0.352508747259623,0.350862843201614,0.347983235130807,0.370468089657617,0.352103547101354,0.355059840400385,0.345481522530168,0.365211937428367,0.345843409794311,0.382963301364583,0.376148847353726,0.348437184555934,0.381331508441955,0.34289954066873,0.331009268336036,0.370649904042346
"52",0.420055077003471,0.412372490657516,0.432519066701513,0.394504996184508,0.417477944309923,0.383956597167139,0.355475809353465,0.36020033349656,0.406991240137826,0.394484899180014,0.361730643861928,0.403471113666238,0.410146331052954,0.357068008184894,0.365735613501272,0.416980004433473,0.425163453320622,0.390023461418158,0.380772880382007,0.3886841014577,0.382120792807833,0.393501406113751,0.38839730234159,0.359417526050646,0.423126718161209,0.402724183616617,0.387619880888106,0.38170099279316,0.366024943923776,0.38042945774642,0.426929533454983,0.41047753334537,0.373280693689346,0.378776948498451,0.377715085294853,0.416990183174806,0.384682433120004,0.375582271525451,0.4043256909118,0.386875598561984,0.408823490102259,0.352816098037469,0.372799822235555,0.367876154326143,0.383501938188287,0.389795610694761,0.381201159139238,0.390177430606644,0.393011027681439,0.403520390560863
"53",0.409562430411869,0.434522685101646,0.408981437284472,0.43462995877312,0.421177489064267,0.407044533780887,0.387005847048656,0.416871938673672,0.405084439071832,0.436807556019513,0.415592315409736,0.410767127007944,0.429237377781357,0.413689425093592,0.43741358990972,0.430150913869337,0.40777054774909,0.412580230727763,0.408507773212123,0.408302778942612,0.421733352173564,0.383357706308682,0.405694548219566,0.437353972617022,0.410751131564611,0.418537545447303,0.392611522160344,0.402407387439843,0.392075132299757,0.411778208932644,0.422692582105014,0.408127540245854,0.409340969550328,0.38071449756364,0.410724710676103,0.402033618473112,0.409154058079661,0.410180865306053,0.419330686332682,0.409576180842626,0.422513242451708,0.388507997871492,0.438056730444004,0.413768524618794,0.42135869426198,0.377471731933845,0.416262735666177,0.404003321005635,0.443275345238417,0.434004407467671
"54",0.429793479324882,0.420962812527783,0.432748818747213,0.411761274878346,0.415416670490511,0.428837729622623,0.42281211066256,0.423904377610398,0.427978875231457,0.449911898021968,0.447835329985476,0.445949679779745,0.428511215038786,0.42061104138832,0.430954260513623,0.443909115292223,0.439769913987155,0.42841908371744,0.453627181772577,0.421436212751059,0.429067230532547,0.424182932382698,0.441851754369693,0.415823595200544,0.418787238060732,0.443989762545856,0.437300582045435,0.430405838466749,0.436051960237396,0.443835147035083,0.437765714277183,0.439049757412859,0.441455434452143,0.422025336284941,0.418166367579749,0.437195924288092,0.428370224796651,0.385046584138043,0.433006957412132,0.426866007920231,0.443767507762801,0.425668410208417,0.417410450557451,0.411871181695606,0.427719284436344,0.428548907434461,0.405960276548508,0.430011952882267,0.447274714159602,0.434193688130925
"55",0.413607309564011,0.435405822416784,0.418291374229657,0.431530889799779,0.423563415098367,0.458388112382872,0.461861821700029,0.44171848712911,0.430466727017735,0.443025301105417,0.451001653853779,0.413089468242038,0.40560237994771,0.473306051956925,0.441273407414065,0.417797499448709,0.43549637437829,0.435705553557262,0.442595756336266,0.448668793642543,0.439031822722318,0.466059789671006,0.4468495534794,0.467955089857976,0.407780146354929,0.409666708109216,0.457015264443644,0.463826222987696,0.452617076296942,0.414179773617963,0.43020953613372,0.434428926611943,0.457958495895101,0.470162027635122,0.442646625450583,0.427047212887461,0.456002263544345,0.464486070957558,0.414888765456227,0.454138912013552,0.447794171659184,0.447480238130796,0.445067836083424,0.452741909461077,0.439360719863126,0.465421418997595,0.467589476465537,0.458872339838064,0.416730267546715,0.436334466306535
"56",0.435266508929763,0.436321599256007,0.446897911431894,0.439700290550399,0.436707443435236,0.442013688960852,0.443655293939947,0.430208688754216,0.433487128241874,0.434527995338803,0.449261912005308,0.437276666866777,0.436546731042115,0.420980860320502,0.431089312967805,0.439099095375197,0.428644139862164,0.452497199782968,0.425906058772561,0.441882938041606,0.444372358020649,0.460042089314006,0.437619483058595,0.429074063237566,0.418267951197376,0.452642357487727,0.440445773963761,0.438409022056601,0.466745008184802,0.431007004395719,0.445998319037091,0.440465650368413,0.433867348836412,0.453275607565044,0.450841772879262,0.443815494350301,0.448688574521182,0.434541726954444,0.434420840390289,0.41985925347084,0.444402018386196,0.460634885930968,0.446469292112675,0.44264144375559,0.427012005968326,0.443276314506555,0.426336276355418,0.427942763519626,0.453087402718283,0.445156982073079
"57",0.442651019474055,0.452710955532762,0.454735830415356,0.435296079072155,0.439868587213497,0.452916415406148,0.421123210094135,0.414481399372869,0.442547386073558,0.439071965047772,0.422831253830168,0.443544348915481,0.458879519758736,0.429574345827057,0.458659764443424,0.457816916307486,0.428805461862539,0.446459808915776,0.459264117364889,0.432047830235061,0.429036648752581,0.42373746670732,0.44043088562554,0.438702770996829,0.475919710671301,0.443678228776011,0.423703639201569,0.423495082714247,0.414238433004862,0.42739832637844,0.439754442942433,0.422210451966787,0.437601666640508,0.452606147668295,0.440397151699723,0.433650119973151,0.436666492625976,0.43390705503017,0.444043965181891,0.43851480157761,0.456793898783178,0.427868746505176,0.438448810183219,0.419948057445666,0.442411577507948,0.398922809859997,0.442488438785354,0.441224065020906,0.442719083294001,0.439667913785891
"58",0.392094057777056,0.401708970541736,0.363796245398296,0.411196400919402,0.376420355598095,0.369543910346975,0.369356910857944,0.379217242757638,0.374992238296543,0.365049602750573,0.390540181810194,0.391841115374623,0.386453315415925,0.403035082859083,0.371153160815073,0.380061476630465,0.380307156581356,0.386058651861152,0.387532780516139,0.360958464877955,0.376061748272636,0.376383999923495,0.364941783079954,0.38341728282813,0.396562842506599,0.387353582527658,0.377430462572334,0.378431897149457,0.380518635521576,0.387140532421974,0.384109327253938,0.411620688023099,0.370295475777051,0.379183004187295,0.363020389570771,0.377862927254343,0.359121301977561,0.35266613448836,0.391301006178659,0.373274288929619,0.372279815228199,0.375092338386081,0.368124492467526,0.390788413504533,0.355339103749346,0.374489447723293,0.372886606550865,0.380042059556855,0.372767076375068,0.378320250412804
"59",0.356034720018974,0.331004886644125,0.346109424500825,0.337598499666272,0.339792619093685,0.358070465369076,0.357745483589132,0.349306322434585,0.36689110613336,0.352449992106865,0.368998302856418,0.340196072331139,0.342437661606788,0.362075807821231,0.337688872318947,0.341071289316393,0.350065425236406,0.333726432403727,0.364833973462069,0.327061332015911,0.357185526443965,0.338156718086824,0.3614125388819,0.343176677459524,0.352230520430997,0.355220999901957,0.376044937661061,0.379310116749294,0.355527539384297,0.339503061614379,0.356102108357105,0.371304340570965,0.356697370418695,0.335636898078336,0.366092477922182,0.361323220696204,0.347371679094139,0.355693559748625,0.321668689755237,0.352226781924552,0.34929107184363,0.346985519908898,0.337346597400242,0.349080493603578,0.376257884013275,0.34156703083494,0.343176508267301,0.365779491297274,0.356501006758388,0.339670187776278
"60",0.321272942192882,0.323000749832877,0.318067271331426,0.317429382134756,0.339616407665733,0.339657105586232,0.339902498947791,0.356109101353822,0.336550579094023,0.330501196100758,0.324848072030407,0.282186539808836,0.323003606208294,0.317908780683021,0.348427677284089,0.317786658586214,0.317290357432993,0.315484577599867,0.330466426714082,0.3326966343878,0.336597171395137,0.357265835031256,0.333707724036521,0.358883325270904,0.336820829297244,0.312801394989047,0.31663551128503,0.33671294328845,0.364192117196802,0.350103141787194,0.32216890821141,0.301992254614263,0.331827883200668,0.362904932191765,0.344550177642943,0.310116821787924,0.32647501652346,0.360395470402907,0.345172857388518,0.341627341539033,0.327552741445059,0.350786697598643,0.338668191157182,0.335427452483971,0.368382223198727,0.33934201116014,0.354965956386337,0.345285537736722,0.334534152435613,0.335590717203536
"61",0.383273210056926,0.39640189037316,0.407302180076701,0.415628830780501,0.359162982866776,0.363784617872897,0.378177728487883,0.381681853755157,0.379275964815337,0.370516823981114,0.369362107050107,0.406088794979421,0.387057169933032,0.3432456802578,0.384050823148416,0.400999815432505,0.386090878481737,0.402946287303001,0.362462363697133,0.382318163691025,0.385569185909642,0.396665935380472,0.375406825102325,0.366310883065233,0.38825892215839,0.399440158911715,0.37969525244232,0.369428926192533,0.374842022253468,0.381411006221743,0.402343836659597,0.386877542334417,0.375347373848779,0.356140487925299,0.372280104643092,0.408583880145244,0.378104940229103,0.375958373356914,0.401303119983397,0.376559733175663,0.379923770664194,0.367609507032235,0.373894259141654,0.368382782112926,0.380609429656215,0.36500250994587,0.38167900936933,0.36697879033013,0.380117454213986,0.389202205687317
"62",0.394028777407269,0.371897712455227,0.36650077016066,0.357723227719073,0.348279384790511,0.410230480231441,0.372746468427411,0.385226661486193,0.402424060415792,0.388310670693344,0.419648463436902,0.367086909336342,0.375525429701245,0.3748127430918,0.398912048327609,0.37509331126568,0.403201755085713,0.353992267061221,0.384476970460553,0.354565021390967,0.400690714164779,0.384405942540526,0.394284445251274,0.419315279903416,0.385003870189761,0.380622142575672,0.397179256293746,0.37620218311602,0.368790443679937,0.395107403579954,0.371860904297121,0.384788614117344,0.394747205519594,0.404446132229255,0.395723110807753,0.355305715801301,0.409402374157499,0.364570855680801,0.391469261841744,0.418281144989711,0.399138401509367,0.387510447820061,0.389326890185386,0.380290730156282,0.356782825281963,0.399158220031605,0.363540297088428,0.410604332171885,0.381458809121563,0.366713890437203
"63",0.360571251360303,0.341181526920921,0.337694780607381,0.371029198878219,0.337784265317393,0.372464922255236,0.425849212650197,0.401124054492446,0.358194829216401,0.389500037999992,0.411196042330125,0.365052874991626,0.346441819600887,0.398213330797545,0.388831909494673,0.350134347289824,0.348926382610081,0.403211510476551,0.373501047653496,0.380704129504069,0.390457828218799,0.40907243127751,0.37525103651192,0.389931126989632,0.350947042676897,0.354971689498313,0.410219277035071,0.385365929980511,0.415936697049984,0.396352169691865,0.346813946757946,0.373213952064881,0.391243241089252,0.399815730461476,0.387779359919264,0.353136964160488,0.385618684235318,0.360977579519364,0.348145556931793,0.392442984451111,0.36977182276516,0.422667396437494,0.367793780862676,0.396018103657167,0.379208594450924,0.41800386412346,0.40841796308452,0.380479514163975,0.347489629056819,0.36315223288703
"64",0.426893224129654,0.429037865214357,0.447903205810042,0.415605022609201,0.392512469655047,0.424332411390076,0.437650106123497,0.402057132820742,0.424866857771494,0.426888540107462,0.393019761046754,0.419456160347938,0.417038936234868,0.405879512339019,0.41013633394896,0.427869131534937,0.431520841329175,0.414457091303028,0.399860321494359,0.407750755255005,0.418055640988046,0.46471939558577,0.420540358068958,0.403972912283368,0.434324288801097,0.40770929249599,0.434820920474657,0.418578238667047,0.420439353444151,0.428045027755821,0.440952748092378,0.420666702990121,0.414433992791919,0.446662193480514,0.419351894735512,0.434608024497754,0.431476874296399,0.428012257286992,0.399129983239507,0.432159175050729,0.43726117045233,0.425936797667524,0.404114410222775,0.418804488039254,0.397531208063064,0.461338996524227,0.42514233977101,0.429782496842458,0.402117320284926,0.386791728690814
"65",0.416092722305744,0.427192922923312,0.400742681185194,0.425611957514557,0.385293741131662,0.40912861063567,0.414114742159738,0.406671304350241,0.415221345273049,0.435012664973867,0.431017639074794,0.396163703020634,0.421586200750651,0.400252862719654,0.439014083397663,0.424637742153898,0.420359665860924,0.395519964957647,0.388109400980383,0.396058962479009,0.423053972622429,0.41916751945233,0.403968270664276,0.449074696590161,0.40490249919028,0.418891927937412,0.39286601398329,0.394103483696132,0.416481987273286,0.409956631540598,0.419307342281683,0.406706691232231,0.405591790807538,0.427815653923589,0.415339647480616,0.383470196591824,0.421049534271716,0.416741632870509,0.394223544721737,0.417527739568288,0.420273757628502,0.437266813995801,0.441798905046519,0.418990573651186,0.397308766075772,0.437642017405097,0.415341263473329,0.405771879042154,0.446029429355033,0.403140319795622
"66",0.453993221477113,0.4510094070284,0.469353681130033,0.449907752746414,0.445907490902587,0.463549040232066,0.465500992106686,0.452839264479097,0.460327523977988,0.491527974185742,0.482485444092246,0.49185363764509,0.456327967749595,0.460744747964019,0.479292945418909,0.481817170533194,0.463090056310425,0.460939327403659,0.466686733826825,0.453307087179495,0.468353428539755,0.464468285939591,0.473867946241286,0.446139424368705,0.446384423857837,0.478361781805693,0.486516177623828,0.474192349164287,0.473353966687178,0.463018620854474,0.470479740099559,0.467595864075284,0.484845848185931,0.451772468130489,0.458968623694101,0.477156690416889,0.468327818862649,0.441394955422218,0.445536880726815,0.463139014107172,0.476673054867452,0.471837982286451,0.450879613297628,0.462454379620639,0.467749742046276,0.463000247623544,0.451863152152041,0.458772680030726,0.482573939767828,0.462962563341744
"67",0.46454282112678,0.479573743378509,0.456139836404752,0.470639880314865,0.471561032837907,0.50768691555794,0.508338891487283,0.491261749411817,0.488532609175367,0.489449772646263,0.494694207161908,0.452571732171578,0.447802365197855,0.519963249439877,0.481819165562894,0.464345922495773,0.496775770566658,0.470659386873443,0.493210057584824,0.503188158964495,0.482501698068775,0.524566756980437,0.491533884843438,0.517673362087796,0.451968301171132,0.447600720233073,0.497476300570083,0.513547734412602,0.500598668980214,0.485785750148007,0.475192977069866,0.477235238520943,0.50217627270827,0.535616776457815,0.481993951693256,0.463523368951401,0.507049868627395,0.511147761143729,0.460117691548975,0.509200642305883,0.497087173665544,0.500670627016154,0.490235257045022,0.504134626365701,0.511093191239726,0.537862321360885,0.519107410729036,0.509851841857097,0.458163561254633,0.47539649942558
"68",0.491072528918522,0.505209369189152,0.506973759068781,0.518244981358342,0.503832363230751,0.49612619834664,0.491305329469098,0.531781298745657,0.491250125381946,0.504065778460684,0.522846811155338,0.515069566203901,0.496727029039053,0.492874327702851,0.492249473978368,0.500746589731049,0.48733171150485,0.518858002084057,0.484640814276055,0.517518901303533,0.513273852858351,0.528666728643545,0.498869554096716,0.485202106566242,0.467891555852169,0.515941960580984,0.509962020431164,0.502773723022032,0.532588356724094,0.505593882384379,0.511845184938895,0.508206277702158,0.49918556896296,0.495521072107463,0.514044452515345,0.517739091410269,0.514976795554391,0.497082912373069,0.492342164432562,0.479461130554265,0.508796353805014,0.526196632363954,0.510223503683305,0.527369068756678,0.498876486990344,0.498813146682876,0.498906280572655,0.481506384059639,0.518618138615609,0.517590836683079
"69",0.473136327308574,0.4655427547088,0.469435077386433,0.429127867829013,0.432986419199902,0.487814180582164,0.445288473953961,0.440380364486364,0.48070935423894,0.478182365642533,0.459487985309577,0.455276425922292,0.478630153881181,0.456292610608118,0.485562483932568,0.478437415230778,0.468310768962464,0.453375608116788,0.498173934323434,0.4504410177177,0.453023035347857,0.459458474000716,0.476911299248123,0.475172743537773,0.504711525876984,0.463556266550826,0.451354242235598,0.445833103210977,0.454585223673858,0.449060885369192,0.45829818053559,0.438977210304397,0.466870613863716,0.499005870133468,0.470871442418173,0.446394798841643,0.466073186896815,0.458734213862461,0.469524052782519,0.476469377404774,0.492653854558089,0.471870108450329,0.465879421853476,0.435472698861906,0.464146265584445,0.448454705491383,0.456828186597042,0.482248902243117,0.475830096339249,0.425717135213118
"70",0.396114246196379,0.446155344680924,0.401332291598095,0.462604753705005,0.410651596747206,0.389954888545589,0.407001848116195,0.419755089381979,0.38402770727561,0.394351072462717,0.404243905956104,0.435021650133603,0.411812540045112,0.441562789516957,0.40565580922643,0.412313969000771,0.401673963675566,0.443074234158721,0.390752819266799,0.395740030386096,0.404753077130392,0.429365530295396,0.394075781622205,0.413139769908052,0.41564546951052,0.41632805069412,0.414203188823643,0.387774919157123,0.423732653490015,0.407235462428858,0.417974537907488,0.445463201839718,0.406549876978366,0.405511528178789,0.392335401399808,0.423163508196416,0.387842485353054,0.405291667188259,0.392021564731833,0.397393595319322,0.395400748070714,0.408928672726745,0.396885927412986,0.423318110886251,0.38771203955807,0.407221037130238,0.411886464629356,0.402294015037243,0.391965484633677,0.407248835396314
"71",0.374777776741621,0.347203081528166,0.366587544385296,0.326062629342302,0.335398076570572,0.382173560723437,0.355934386506674,0.344041621165682,0.394630115045514,0.362868515880244,0.38695655247292,0.344549896603391,0.359752541605997,0.35081593586666,0.341531663827469,0.362147147097662,0.389127622663958,0.358138075329376,0.372778095659374,0.349742257207098,0.368991362242722,0.346867036634614,0.383595554689082,0.359026094365412,0.361033130858706,0.377574880321414,0.375362591380893,0.385138918830424,0.359029941612498,0.336182190390581,0.376523780518012,0.388135745874429,0.366700773054595,0.362920887633182,0.378613615704574,0.369498098516129,0.365070452258452,0.378939969253642,0.344404543667572,0.364410158087782,0.369018204583767,0.362080992797168,0.355164198775102,0.355739189578743,0.35100899554737,0.367267442699737,0.345761321189972,0.385086207054904,0.382976792700252,0.340847903834257
"72",0.341111982590145,0.37156320334354,0.358585142043924,0.372788328576085,0.401854990846714,0.378070025024865,0.402622842516701,0.39382757532178,0.359223281650031,0.368472457067566,0.353225699161465,0.332281738290003,0.366253779573087,0.37508236336017,0.400222667111575,0.359325237013861,0.330334174872343,0.379957630460746,0.372771421636867,0.380808050736455,0.373393484613338,0.380664614429697,0.369725487354546,0.392889107719881,0.374398322085087,0.349714440538744,0.34988507236772,0.367984970965356,0.401342279902608,0.385475476149253,0.35491525161174,0.333378145602401,0.374472492978495,0.385038851805174,0.387885942425036,0.340423116811135,0.359926655068661,0.40323078610418,0.350280839736318,0.372180822676378,0.361465785491406,0.38630637637187,0.384427227326588,0.405861232049222,0.404429825936198,0.347059878544281,0.407527250254832,0.367968862620748,0.376067962561735,0.389915419091454
"73",0.427896159184461,0.429623492566325,0.438540183116306,0.435567328543339,0.406285339266372,0.388749202200703,0.395475094279996,0.393664595636971,0.414459092932861,0.382290440575955,0.380781020159342,0.440826264599507,0.426529871697087,0.366417248047933,0.392824979093805,0.434276725880419,0.428122452308489,0.427615093895242,0.40758565421782,0.397155418576973,0.400517469310487,0.415390952785643,0.397025630963891,0.376369348414316,0.434702235284622,0.428880426587508,0.393668549072086,0.398457532419996,0.395396628053624,0.40782712138138,0.431701881260395,0.425894163837629,0.390419096834914,0.391215276395254,0.384407045343661,0.434421245196459,0.390265958378397,0.388237544979466,0.419003347205409,0.396649441332374,0.408632600692698,0.384642430533534,0.384847513436708,0.391218951224835,0.386106281971724,0.398647249528967,0.400897888585908,0.393916228373871,0.404235935677865,0.406562908423414
"74",0.425526899602206,0.421705544165296,0.402447676411157,0.417219967025453,0.435650242952711,0.439917530002692,0.386113397749771,0.438844787236876,0.428254853890312,0.420333078213233,0.444049934397472,0.41517836964631,0.425285447997657,0.443655832688001,0.432367228623597,0.41119172525449,0.424130813703818,0.405118977610433,0.426073232974646,0.411910315946062,0.439909458647123,0.39465082550243,0.422049664314768,0.445716097201164,0.427291984523993,0.420249063441323,0.429182912926386,0.422919850445439,0.387199252737374,0.403806438516475,0.407888746284361,0.431633143182525,0.430135352077239,0.40511755804714,0.434573773980511,0.403933903497456,0.433560544183021,0.420015678156002,0.420620451512155,0.443914207719126,0.431226061409371,0.400908758790346,0.428984292446285,0.44183253868105,0.422775860385985,0.393886857403045,0.414843519287013,0.436712916771678,0.416113411223274,0.409018818350425
"75",0.411699956041738,0.392000312916528,0.396617436402677,0.404418647451268,0.434351684777417,0.405491714864332,0.434558581435883,0.436106781472406,0.410855744388898,0.428485215518568,0.429648014844823,0.410198278203924,0.411435643805378,0.420550562161064,0.416119146203367,0.402585388195775,0.398209516488285,0.452833231203744,0.434066165204141,0.446597669738253,0.421357630057332,0.42265675809758,0.405905947646731,0.407597727180047,0.418325727082879,0.410789933061907,0.427984624656302,0.42912553500748,0.442097487516896,0.420429505113628,0.402470918578279,0.416623412390199,0.41601001695362,0.419768088674192,0.418673491539048,0.408748550359363,0.419218772858295,0.433682493513319,0.417137352369815,0.410439609109225,0.40834638263138,0.431750129989513,0.399251315318323,0.430605738813965,0.436906511116319,0.427504640663553,0.425980844469792,0.41596205578403,0.410531138899568,0.432229930979427
"76",0.46338006182351,0.480757882075346,0.480972632184423,0.47758732034897,0.465811156510231,0.446581817164882,0.445814632800303,0.449684398715956,0.456445017006879,0.46189265972264,0.417725612970307,0.463700089857834,0.475839539638271,0.448136460863041,0.455829358159109,0.470305975014291,0.462955475912221,0.452438118921082,0.465610875091101,0.450387243814595,0.451076401407693,0.478801698211546,0.444684034789952,0.444515802148663,0.488415291281915,0.450735570514926,0.451814201388476,0.451669231891788,0.440934906458687,0.470617296775916,0.484875285463607,0.45962902399113,0.444567608096773,0.449236574128642,0.446471559446003,0.484625385688863,0.458497885360706,0.447137154057474,0.456538893020348,0.454483466904066,0.466718266002571,0.432879328783615,0.450967223183705,0.45629655076038,0.451648019440934,0.452721393784086,0.464811504300965,0.460871029175359,0.452242746779839,0.462991589057923
"77",0.488599215687211,0.492556647999575,0.476826968179713,0.493113711441284,0.474828059559204,0.466344578428228,0.438666839627942,0.466604155704861,0.477746413836874,0.489713236301933,0.484170623744032,0.473260258867058,0.492153772223762,0.446332986974733,0.47939810500826,0.495186105475669,0.494485288307302,0.470356532047735,0.458144328087753,0.473749348684124,0.478805129145829,0.460732887875857,0.466110010327124,0.487150628644975,0.470602826811302,0.491806063060429,0.448188310788706,0.462205612933494,0.454829027031303,0.479626629784511,0.493762506096241,0.48749345456659,0.45883353930538,0.45253006471098,0.469589660571581,0.473800611259628,0.477191621899616,0.449440243313331,0.466346947486456,0.463463231146388,0.481970829488004,0.464189685080974,0.488388669025895,0.463291858508471,0.476296216457091,0.468455665019206,0.465909390625289,0.462824077093678,0.513535581784299,0.471114012522728
"78",0.506904740600037,0.503504875886448,0.511206055967259,0.496940718110258,0.520215178363242,0.52551854057142,0.508447555697945,0.529244022233983,0.520273014309193,0.54653962770852,0.541731908877612,0.525271421884736,0.509067776515224,0.528837349602791,0.539552613337649,0.526615886128879,0.512050186775189,0.51694325029118,0.526880138397491,0.524417157468553,0.530592116099363,0.508716464302865,0.529292612375875,0.522435464881634,0.498243114165039,0.524669949220283,0.53594570598785,0.529285443887195,0.525303886696414,0.507355728204263,0.514272949371698,0.512274598187396,0.542863555809063,0.505533307759057,0.530077716894584,0.513863390865024,0.53565405299931,0.516138244185265,0.528564775451157,0.521917910268804,0.533009012624284,0.522760062730837,0.513782272722369,0.515034387448002,0.515769216772525,0.498569269974659,0.518988919293426,0.524727761312868,0.542065908035891,0.520899472114294
"79",0.541308301846493,0.560718603060419,0.543309101980765,0.555936808818005,0.572223075920152,0.565433687926002,0.563375304536008,0.567903556490154,0.558370286683643,0.560252178382492,0.555381012592199,0.545744118442925,0.53626808379527,0.581546060548694,0.559284280885571,0.549202069746725,0.565289479401381,0.571185113546727,0.574664816900867,0.584906992521997,0.555524737338198,0.602271303445144,0.559934440796096,0.574493203479016,0.534612771835253,0.534405142033236,0.566551753792502,0.572919600870446,0.570436738529482,0.561106798150666,0.551277248326954,0.551000770664454,0.574030517897768,0.590624462123823,0.555999505172073,0.554846904355911,0.585551917923884,0.576498551365909,0.560981092816323,0.573436308873673,0.570097348185165,0.572810064427792,0.556863387234315,0.573553487460706,0.594669798398524,0.589714516706799,0.581065598869629,0.573132609655074,0.531851167091511,0.565879039479426
"80",0.575856426416227,0.583281637798473,0.58234838853619,0.594019509453007,0.589434045037019,0.572412542069928,0.544330669335271,0.600946108065426,0.575649515754105,0.568146659507978,0.580158002560315,0.583636506816212,0.575343789914504,0.551112102731676,0.563847753817705,0.574986923375845,0.579170233820849,0.590006706831755,0.556431956593486,0.573384464729314,0.583127512203235,0.587839920435864,0.566620605972333,0.559597771434568,0.563025926428179,0.581790067770849,0.569120256925354,0.574082488424262,0.568810134674333,0.587583791155497,0.580219702216331,0.579719056720364,0.558581419064767,0.5602254401196,0.584114288638737,0.591514307785558,0.587686067434722,0.579693774049332,0.582931308359918,0.56081355015126,0.581350718651551,0.582055591478113,0.576812498753066,0.591204945025835,0.571480372843515,0.556973650385498,0.595976729895329,0.559341784212266,0.576066155483143,0.584513729307781
"81",0.534878362542616,0.530900529545245,0.528046977078368,0.51347118865487,0.515797676930819,0.537049100359346,0.499099564244945,0.520651781359874,0.534816380372107,0.532689308830749,0.518958559340745,0.530206011012737,0.537615004071324,0.522505761897994,0.544391786915829,0.53330583725409,0.51964380220099,0.513930099434406,0.535960495432219,0.506383220659543,0.520891472194091,0.495884323172987,0.528116742310262,0.528472019588202,0.573112209993635,0.532145553330553,0.514366188970192,0.511229621661151,0.505879525410302,0.523233902446824,0.518730329047097,0.512849928686232,0.519798868586356,0.528154467605254,0.535524657232942,0.516764506288964,0.524037418609147,0.543569123642104,0.520715249665262,0.533901279297543,0.535193590541794,0.527993637783947,0.528369790635241,0.516655778342745,0.529951683277511,0.490709943133304,0.508838486089686,0.527358609123886,0.535500150867372,0.492764571265031
"82",0.463405408974597,0.508661908531758,0.473109934627563,0.510355440598339,0.480407644589622,0.452638338279177,0.445959347070887,0.467597975948017,0.446110756190944,0.456378238663013,0.446649568019252,0.497050770872387,0.481195210134441,0.481164994829142,0.463194688752564,0.48362449389796,0.477734147918965,0.497876954693465,0.444299080019591,0.45977312794935,0.457183692016171,0.468589252109083,0.459913682218271,0.466752618405004,0.498446079865945,0.483959301327941,0.47222140498453,0.437029599928188,0.457845319622669,0.437118699847454,0.483603434289892,0.503165280527534,0.468592216485769,0.459169189298528,0.453824510641288,0.491112072602617,0.44596751056035,0.481398379544114,0.459333694633349,0.46269087558141,0.455836524199143,0.451029295796601,0.454963599877225,0.466609398077877,0.466913575191667,0.465877243212265,0.464134221516145,0.4664907522333,0.453912684901372,0.459614590730087
"83",0.430823815657145,0.419633079740954,0.427527800670099,0.409747200276228,0.423123688900602,0.430887084289487,0.389988931714647,0.407515051203536,0.441380234794548,0.423113543333901,0.442263425516038,0.41118877966324,0.434185501198826,0.414272654257073,0.404269161614544,0.428767885724497,0.448641477726404,0.433020935752259,0.442872168288842,0.434383639568192,0.431787033162966,0.408047187405623,0.433359090221687,0.425574503354571,0.416729393604519,0.435657237870909,0.411817772274595,0.439432702808084,0.402998637581877,0.408602046420793,0.439884252999934,0.451886461779548,0.423653157799256,0.411145927998379,0.430493133224773,0.4289319703637,0.426587494134264,0.442363693735355,0.425712982136601,0.419386124089169,0.425066129837604,0.410086316093998,0.42338127974556,0.430152338920274,0.39842845299743,0.42394399076024,0.41882288427467,0.438136149807919,0.444332705890615,0.427657278497442
"84",0.413064892279185,0.421104435754655,0.420654386261226,0.418426112809436,0.440577135508204,0.432377586488402,0.457814842917255,0.446010616868688,0.425644887311468,0.431259745722773,0.426963502659906,0.404671147630466,0.423674092443628,0.429618277043558,0.444353424685037,0.419398454796601,0.408452605760588,0.439058381022996,0.434993224573178,0.448279294062125,0.432799649435455,0.427691295523056,0.432761979687459,0.435346103423927,0.433343048982562,0.415492081338024,0.406275790325769,0.429190152671766,0.448121815426639,0.463501127410257,0.421600427405774,0.398315559700411,0.43047728089802,0.431994746092299,0.444562538078049,0.399748084039333,0.429001218565582,0.430517681706056,0.415537222222647,0.428519898990275,0.425734788743114,0.44235858196794,0.435693402383421,0.465130670738095,0.453800784490928,0.412284828447812,0.451852638368318,0.423738057121899,0.447464959345103,0.463219463574772
"85",0.502888086912094,0.517287020465142,0.519364207818802,0.524071930805087,0.489933217018418,0.469341140045793,0.47231933171463,0.46835386545269,0.481869663026744,0.466321506393234,0.447711252096388,0.529302766870001,0.510605774256442,0.468332577170595,0.490346822017541,0.515705340472448,0.501596484812811,0.50379389756263,0.484670677537388,0.478808091496343,0.477485623054518,0.498521223064594,0.474726559201847,0.460152627187733,0.525186406473443,0.49495454686993,0.477186597059873,0.470879310542018,0.46212422931209,0.491177735034102,0.512297579470111,0.49336783857657,0.475080885183896,0.473950831587797,0.466045309308647,0.5198203358872,0.474587278207156,0.492565582931125,0.490194904924066,0.475478696954358,0.492510450028418,0.463271595249765,0.467531252063151,0.474357132108082,0.462983166332524,0.478897682123489,0.478095957496668,0.478250056272111,0.472438624923052,0.466446510011165
"86",0.487544488014256,0.477079196838992,0.455845127259026,0.468884524605226,0.490722073530747,0.491291109877325,0.435880036154271,0.49881093362492,0.493016054495273,0.474335822195458,0.511084480132991,0.473914999822533,0.490155052898984,0.492574187507406,0.484421796863751,0.473473906377285,0.49762128708628,0.450077350724347,0.48201923071638,0.481031586095573,0.495997101719372,0.451728132161421,0.47296724052505,0.500524793509581,0.47688853086491,0.489642262661474,0.47215305584973,0.476244785950986,0.450244363641208,0.457291877627641,0.463305924984953,0.494615081689097,0.480507637704313,0.472566182361779,0.486829635087705,0.464565602758047,0.489819388935939,0.473789646275875,0.488498338582384,0.490640051870402,0.479695257722217,0.469308559228839,0.487889925380807,0.499106304333182,0.466672730434597,0.474618190213261,0.450216796573753,0.48581227699593,0.481333196374005,0.470811528312875
"87",0.46755464928144,0.459312829469927,0.471715146478836,0.472701278502954,0.516905530870025,0.481693924671037,0.510817589381243,0.50730615187245,0.480475067817344,0.505812218308272,0.497966142148081,0.487978332314544,0.48117464448161,0.503689351987288,0.497165788508419,0.477082009182416,0.465890440727376,0.536266232731139,0.502085240053197,0.539179047490471,0.49509171725489,0.479832243204246,0.480043198029961,0.475336820291072,0.489092112407761,0.483246584964556,0.506556552230149,0.518057898269609,0.510648582165652,0.477557372221822,0.476717267010054,0.48294600766188,0.491788660778731,0.476891715503687,0.496742571560144,0.494685942479442,0.487843433328603,0.524736118488975,0.48500352021274,0.473768759844925,0.473106763586046,0.49345492699765,0.472916281836121,0.507777576928822,0.520748069531393,0.480948548902051,0.506670855949498,0.488713923141609,0.486370494689891,0.512663098080216
"88",0.537001937457511,0.561473587575745,0.548564383827394,0.554674229429796,0.537768184278467,0.513448777282873,0.51867474750434,0.519842882018354,0.52432665750323,0.516803636900581,0.477996030086739,0.530264949184909,0.558475500003023,0.5072449259454,0.516366574875381,0.533435142578147,0.537143554891262,0.509019743010341,0.551922312252419,0.517229713761952,0.513615986032591,0.548360594773097,0.506228650325117,0.518019419697323,0.567884055995973,0.520135036629235,0.502554482886238,0.518686933473456,0.505766705742817,0.541350651295485,0.560070484404304,0.528244695954284,0.503257788462232,0.526083320293176,0.503356803359174,0.559605156653691,0.519842639724026,0.508607192327021,0.53873079938244,0.51478784199398,0.528837889814652,0.497280905768216,0.532067396658946,0.517918270048201,0.52750485281048,0.527983819007504,0.536322257709568,0.532458828160252,0.522814112343933,0.532339016521143
"89",0.56567374843985,0.557996952724536,0.549189990483538,0.571262892122712,0.547098958243762,0.537746465788557,0.519476503256912,0.554843304113443,0.545225179414155,0.555546660101647,0.566449011497772,0.551352830622007,0.571804502809659,0.514203118571798,0.545619013635926,0.560866674249367,0.561413255570419,0.544607529397077,0.53077560527359,0.539978639006716,0.549991271167805,0.516776974602805,0.538404910477581,0.552315440394435,0.536859213879232,0.573217931594104,0.516355702991959,0.534963010067057,0.523973347832923,0.552872730706156,0.561747907909965,0.569794844710625,0.526653812943439,0.505431886251566,0.544726748398814,0.546453912263632,0.546924680240782,0.513523728390308,0.543330465710986,0.525144582204492,0.549090377251211,0.534863486655409,0.556211190869102,0.529684859525483,0.541435213701594,0.522946058618536,0.53161830781513,0.525062446408275,0.597870982468776,0.534828433944269
"90",0.599900750449387,0.584598333946231,0.597164801955781,0.570076862133175,0.619010058293655,0.616572736721488,0.58883100282859,0.610579551825182,0.614126808322962,0.631446140847219,0.619147310589187,0.606538423093404,0.593480384811934,0.628992051347027,0.626271075824816,0.60823025135709,0.594675043681779,0.599049634666892,0.613694495495899,0.61637765300931,0.620209458434363,0.591068998698486,0.618844443617803,0.608006808000991,0.596177082973357,0.6045050251419,0.626674679650846,0.618206396600405,0.610128194085176,0.593499418812925,0.593460883328155,0.59204609122276,0.635332214418992,0.594125307161152,0.628765155367517,0.593770733179806,0.615846040120192,0.610564332689446,0.632296404353189,0.614380839902154,0.621486208577125,0.607544311795533,0.594487877888269,0.601415378651548,0.610297781916135,0.575053569261375,0.613998577623361,0.623533421271796,0.624301853847245,0.613188082484158
"91",0.63748252305081,0.653695681791786,0.627274124794471,0.657048340298404,0.681509610428947,0.646065821567981,0.666481663443287,0.673932324898023,0.653216107249962,0.647822699201253,0.641156811180708,0.633782256304578,0.635226045356893,0.674004323668772,0.65515568971769,0.64156847780874,0.657189701015579,0.674841061716934,0.673245313088391,0.691004438247181,0.653514156575055,0.693939747818282,0.648103996430028,0.67109583612724,0.623874882665117,0.62585063379243,0.651175677938853,0.659159629844728,0.672832232312833,0.684304388095319,0.634758123511598,0.639755967744522,0.664041077938211,0.677894980564959,0.648858413629791,0.64542649478816,0.685063640568299,0.674188842774369,0.672333616797368,0.662182007047797,0.653336948261548,0.668652959521652,0.652211913690394,0.666988135068782,0.691152155271416,0.689255149738954,0.685322240189793,0.662563573442254,0.614495637933432,0.664894513288686
"92",0.654530121285136,0.634334479847845,0.652566045152119,0.646151790270303,0.653427598756048,0.649234258726022,0.66651680059503,0.670318833038682,0.662774245421663,0.648860604229436,0.662710681714739,0.643978727970981,0.647549192073779,0.623766159066301,0.640018936295391,0.633589894554018,0.652080493147298,0.643719151648791,0.630656576652505,0.635712150775951,0.666645362801257,0.655259872702714,0.648178819952816,0.629581241306657,0.632191320545841,0.653002053115084,0.64352111580203,0.661663379908406,0.65831480060555,0.665508722905015,0.638267635757038,0.650389094431118,0.628652027970451,0.627266555333291,0.662957430723974,0.649492191400328,0.658494389182538,0.656642394388103,0.663347799847648,0.638228984450997,0.646765649868634,0.667712226645885,0.646627487297117,0.667670508735738,0.617854580190598,0.638485037340616,0.663423186389832,0.633493528904096,0.655768078001458,0.651561952461384
"93",0.609933650572494,0.614253816038334,0.617711961794114,0.603507365841901,0.620312056070059,0.621615279002446,0.616242807867362,0.600749858606317,0.607612214974943,0.622226662426363,0.586347475844055,0.615606291183258,0.61246670015194,0.619322827322243,0.635907772825177,0.612405628592861,0.592673383350046,0.597736271199883,0.604943839385228,0.602942370919305,0.606658340177698,0.588437532542851,0.614256066926721,0.616444609011653,0.66740923701303,0.608209605306065,0.60571376814137,0.606770928812375,0.598408492756824,0.587556876059115,0.595836587957044,0.588228135990875,0.607652120954803,0.608076073807155,0.622727899416908,0.606092107961486,0.599619336500859,0.613647282647397,0.587376993055082,0.634380725212171,0.610762816099118,0.618093229574336,0.620986573841546,0.609056463480658,0.634690498246131,0.592834121161366,0.594455123210906,0.608729576496772,0.607402792715573,0.602417812112367
"94",0.531112862679736,0.553904201518636,0.523345845211304,0.560312001834869,0.529193057083059,0.500268024777904,0.510124967206387,0.512819975921978,0.490789992540907,0.51155970366231,0.505743642655397,0.540805776570617,0.540078077666401,0.517087685955634,0.504600120428093,0.54035735509451,0.543515169521989,0.538025300482154,0.509462981314117,0.514455174452491,0.514747102413591,0.519635662725118,0.511269958103059,0.527397572781304,0.54065439822905,0.547115461234381,0.513489564115314,0.505657779106799,0.521039404295121,0.510780681113454,0.533147867884156,0.561597826727712,0.515381801960606,0.525296763590979,0.496930128779129,0.538865868072683,0.507284740127014,0.525801760078156,0.547959915314591,0.513917684046389,0.506387813976551,0.511350288612433,0.514558172663706,0.500346284402367,0.508432825141621,0.562632407768255,0.51767862397019,0.51813411326496,0.514093441215013,0.508593589605788
"95",0.486043252519682,0.462531755107662,0.485598826894456,0.466219652075182,0.48102041615605,0.487214026142308,0.467652881412632,0.484287894714466,0.490546721208697,0.493441387373364,0.509545081243447,0.477142337317671,0.490059509166423,0.492442500254296,0.466580291707299,0.483257814655265,0.493328365580536,0.478454829068352,0.508786825975899,0.49793484120566,0.496193616276231,0.469216579841666,0.497013303693335,0.475841865129646,0.462711916287646,0.491352848302933,0.488173184118389,0.514382603486372,0.467469836004568,0.471482102605178,0.494904971683246,0.505208629386992,0.497983568771659,0.461414049555102,0.494727361496223,0.486387860083861,0.499444626941197,0.486463639702964,0.485443218074541,0.484477788166848,0.488617318938659,0.472813993691501,0.48547633922008,0.479267290355823,0.468705680237909,0.48642920666601,0.475859066798416,0.493769723432361,0.512395060887981,0.496956269778795
"96",0.485477264370417,0.480152294992415,0.48223799539995,0.475328974262823,0.489200612051135,0.490813263377898,0.506098530584007,0.49835525239206,0.481422804713024,0.487875900378538,0.480447140165968,0.468057418055881,0.479589115840892,0.498283972167091,0.491092396982806,0.471656751383202,0.482101205633584,0.484690961089461,0.493664327307559,0.508075821271056,0.484432575814438,0.503645623612322,0.484739718273642,0.495519504236326,0.497844165472166,0.461581852212843,0.466221582828156,0.4856963322778,0.510996827426037,0.519355298821971,0.484525189435198,0.448638979466751,0.492349731365952,0.516685681707208,0.492278517893763,0.464096743154779,0.489983678809662,0.474559282970823,0.496800988463286,0.493437216575034,0.494723847360761,0.507559177617606,0.493242705082391,0.508547711076243,0.510580538626758,0.503654904819675,0.506503349072747,0.486995315446956,0.500205346312626,0.518119434924803
"97",0.554194928146905,0.560949661121508,0.567198531955179,0.580725078704652,0.531348403229512,0.510228509935035,0.522724565463099,0.515277168788666,0.52836039888581,0.521767876304488,0.514821988136494,0.585792575323482,0.553387516626583,0.52559366365885,0.541326474865886,0.560477016684192,0.552053539247968,0.548519442059503,0.520037831341322,0.521220602660267,0.527843188642344,0.549292250386837,0.525035009960193,0.508997112180868,0.558965440576172,0.548351224222021,0.534064415676705,0.512185408361817,0.518193849897005,0.542555001289881,0.562750117419656,0.543428938760172,0.522968893242638,0.521939841718835,0.514593711230378,0.571113407389626,0.533870065615021,0.537916721423352,0.538168580727182,0.51434957495285,0.541408823161188,0.52592852821629,0.523937752223917,0.512808439188455,0.514458593316741,0.538420055885323,0.511926646377693,0.522544663054651,0.530418602950753,0.522562866747295
"98",0.53599825714687,0.530393425762092,0.526538335393266,0.499360126400686,0.532807453918474,0.558346468234827,0.504435272624207,0.542181518260721,0.559103683838877,0.54371227008096,0.568204244940577,0.533381677212108,0.539800589866025,0.54878036842346,0.550133229432963,0.539384441846954,0.555732022699635,0.500038005419162,0.539118239622081,0.540092442694435,0.549485892111252,0.514127010563224,0.546685503707888,0.554141872823702,0.529075649397993,0.547002220471899,0.537613963849974,0.529179491455134,0.510118927250605,0.520310246679525,0.521719625684041,0.5413413117947,0.545917144247847,0.544225460238353,0.548182645781511,0.536657913877292,0.5500108309181,0.531490556832711,0.541026879353292,0.551763433213774,0.539696208063182,0.533093930028486,0.544726431300002,0.549031743757055,0.520018477701481,0.543083404164492,0.515022555748252,0.549958885995255,0.541344643363264,0.518045532265584
"99",0.49946645985777,0.508224132626565,0.507306619091167,0.527965134652346,0.546285271477727,0.527792997801133,0.562196271309586,0.559850719036598,0.519363431712575,0.548768773741348,0.548843952425745,0.526052469533788,0.518380924176603,0.556046683685494,0.543718365640998,0.523816560252661,0.518409607480008,0.577766885317637,0.54120758966922,0.584666307521255,0.537082099086081,0.541317517671829,0.52306376391821,0.542261945480605,0.51284902110991,0.522016485242577,0.551242154623626,0.556465714371438,0.576562022637923,0.537563482645805,0.519128819393708,0.52389070249012,0.53693679802451,0.543455668786243,0.54091152620293,0.536833330915835,0.528676058156299,0.560427699027676,0.543848972573593,0.52555897390362,0.515294979968052,0.553814426051936,0.532168120300887,0.555664370925814,0.55328622727118,0.549406590239279,0.552710440571966,0.535454609139117,0.515886498247698,0.554998115544425
"100",0.603704163905919,0.631532540369782,0.625588998438964,0.615320067312116,0.589869580110252,0.58160559233612,0.59734439936477,0.578181135977373,0.587822149946952,0.567023729681659,0.553323963905512,0.604720069214945,0.621796156310332,0.555193416435699,0.566539320640973,0.591642360355397,0.595912802906101,0.581233156034934,0.59674017200746,0.571232182685002,0.573281063390974,0.609690242944666,0.578777128797029,0.56665203244763,0.620995905600334,0.590664713470916,0.574765834235464,0.586590709284739,0.559213508982558,0.558849897635918,0.631846591427168,0.60023699360596,0.565120857133782,0.581910079099183,0.565069270764557,0.628113686659661,0.580132449009706,0.567411615936889,0.602664465657151,0.568378608134285,0.585332664595676,0.562463203024338,0.600950671465033,0.578322351449583,0.592651467094608,0.585306087343432,0.580110214774295,0.593302709313075,0.591484189151766,0.591004017390201
"101",0.62210775868507,0.608028981163974,0.601666220536071,0.617295564166233,0.600633117191472,0.62041006395424,0.615309203038827,0.607966330702643,0.606947033232044,0.608067048594113,0.627041868162737,0.600901903019791,0.63347855027345,0.589258613381562,0.608717354801251,0.604888280759964,0.6132735598489,0.589811249532263,0.608515329650276,0.594750537855319,0.604781336767627,0.569744315824741,0.605297107719795,0.623555973120567,0.60176210096572,0.623957240467095,0.573756969757365,0.594609964560296,0.592561084937517,0.622036549505744,0.605040485150859,0.619703086576109,0.591391062871639,0.588549174006347,0.613470182878316,0.581496875391349,0.587811695420813,0.588551350613795,0.583285232514058,0.600972237264398,0.611317515347554,0.606052906125545,0.624929314283326,0.603256402559121,0.609360224092167,0.585081868039864,0.594726041150536,0.591068416031295,0.657306505086772,0.590387380080597
"102",0.674346523913162,0.656235660408381,0.665197393592651,0.653858705172177,0.690224908926507,0.676589912672382,0.661140320283516,0.698372846681717,0.670021475724081,0.691183621628548,0.684034635993535,0.682434997395813,0.657055911548065,0.711131323556604,0.689364756970313,0.673482410016346,0.656620309454719,0.677537667936495,0.664884628084367,0.683034398129252,0.688280415341036,0.661959697241526,0.685324034933049,0.660584110351783,0.657857329367594,0.678612043636568,0.707814040758458,0.686972393544228,0.700011642365983,0.666052073089515,0.658408446672083,0.674008016835576,0.703514422096327,0.658528336957603,0.699221960642894,0.661567784824843,0.671590141540692,0.68362985146236,0.69153032170555,0.675625927027231,0.681675064607864,0.683266856336471,0.651723399349769,0.664930826669256,0.685217111390309,0.640046724791544,0.68716625386549,0.682957081317271,0.682392988808896,0.692137621425058
"103",0.72050954449839,0.710104018479221,0.69753285985285,0.699471598389893,0.754198379312142,0.723450575763349,0.762216687483654,0.74706866510747,0.753564038520695,0.719830471727919,0.710637943227907,0.68591861703954,0.706397888463122,0.749729657422564,0.724481303161527,0.711606619861878,0.734439944569184,0.737451217418048,0.775850554169211,0.768871993524826,0.730354527955876,0.755251396802964,0.739639920821565,0.745749412242222,0.694103651328244,0.690590604167303,0.723912070414134,0.738756383241473,0.750866599408054,0.767585854705518,0.69646715387368,0.702755789726672,0.742758364485501,0.750211073151663,0.72786680865896,0.71090996190199,0.751809959714431,0.753451874350389,0.747263711005214,0.741581912592954,0.726809031038013,0.735173738516138,0.728808027964608,0.752707537072508,0.762489872713008,0.767051421375557,0.763857866031636,0.748635668688937,0.681279270351925,0.753235960098469
"104",0.716113695485883,0.700847421145012,0.72703523101135,0.729941202281203,0.724582149684212,0.716491769262596,0.77645591757195,0.749372994407214,0.733975480818709,0.72616210501549,0.728703198689074,0.711720903960746,0.716775587630962,0.698797439059849,0.72157462148618,0.69790015602039,0.713281745034142,0.720556410995831,0.691575233084505,0.722683861312188,0.748406669996366,0.736941226314193,0.724580552140814,0.704939705159751,0.696166204418978,0.717777559016969,0.718338933527098,0.736122697066213,0.75525355408309,0.776141470732441,0.698530077010629,0.715096100138577,0.694797565366664,0.690612427596464,0.736826935569281,0.715997499846775,0.71258375913859,0.716487821610567,0.723314100753548,0.713484853273475,0.709703611377026,0.74972734177655,0.722894332459781,0.745514985452989,0.692962449617153,0.718784888949384,0.748686653477883,0.697896266855719,0.722104616664292,0.742910897616885
"105",0.697376562928297,0.686225990964441,0.713949039177194,0.666142938652255,0.692406527480325,0.694743165474217,0.699081595754765,0.663968385446877,0.679587522902784,0.695197860521793,0.652494902638722,0.689799891892357,0.682286652012993,0.670566955109303,0.702512189880038,0.692553499005313,0.681757894747488,0.681012337905993,0.653473880540211,0.68049740729805,0.682033255190472,0.656767501298591,0.699994356414819,0.683112810358432,0.753361930778411,0.690137079258244,0.688113608306296,0.68218619437793,0.666387934545015,0.678166158675071,0.670994470776958,0.664946511740671,0.67767796898548,0.670509118318694,0.690040630150727,0.688709026195091,0.661300031518236,0.670002303547911,0.651439068581986,0.719109027009732,0.68190629790231,0.687252492452602,0.697558283435888,0.664017578775245,0.711544473461147,0.677803412087654,0.661484758993864,0.680139740015988,0.673964776428044,0.712731005325636
"106",0.579096730209238,0.602887348935186,0.577608214336393,0.614948129362124,0.561792827101959,0.554568081766973,0.583124279965062,0.562956327971539,0.526968245481802,0.572240999201226,0.555141150942823,0.588223076850766,0.587876748709504,0.569538980041395,0.564010362045982,0.596992901989565,0.594703551378212,0.58337441675662,0.549497130442274,0.563420261045147,0.574579070155833,0.558567665027946,0.571496366804064,0.599454264300666,0.578987240647266,0.606600420954414,0.57514585802978,0.573920620026869,0.571459828876731,0.584222536643939,0.575132981685558,0.61295285790179,0.575716530828299,0.581087525364774,0.550377624546495,0.588190735640051,0.577948789879246,0.569030321030114,0.599966794929844,0.581093491566089,0.559950568931437,0.565460707427567,0.583524032887081,0.543651153986236,0.557338324992861,0.637379634595399,0.582807899230177,0.571244387509699,0.562460847680874,0.548293014109896
"107",0.531566870442111,0.500907812965463,0.543758058107793,0.50658168366281,0.514063238221517,0.527723837954287,0.530765884073192,0.522162211385572,0.531514895521099,0.543985784965832,0.557028556845704,0.533072303812162,0.538008420334258,0.535852898579433,0.50090866780549,0.534776648193292,0.538032753058515,0.51567655454161,0.551270818065492,0.539267455824512,0.540110978227111,0.519802337228557,0.542147981381675,0.504899605608771,0.495361814331885,0.543257346096596,0.555386541397361,0.56695716915638,0.515621604047468,0.496416074015416,0.543582908526714,0.559521620403269,0.549421031244558,0.508842094566531,0.530932166631256,0.538629569776939,0.551150531872708,0.510661128983595,0.519824847527511,0.533723203001027,0.535297153883441,0.521897504654366,0.529134964285582,0.508256409999163,0.513810051535549,0.552775115366748,0.508323829450869,0.532267621818586,0.562551300510071,0.533228955930023
"108",0.538001535924894,0.527138036681366,0.532644779409747,0.518189161972162,0.535874052667159,0.537077367812289,0.545352630502462,0.528943961182156,0.521051299907911,0.533064643666163,0.51631810248228,0.517668576026853,0.52319257013457,0.561325127864325,0.52251955102433,0.50892232938475,0.528399106994782,0.520448165021443,0.54188880434775,0.540650434108618,0.520541497384493,0.545102842998376,0.520417346799901,0.54675086353677,0.544538650434599,0.494819064610326,0.516983575829135,0.527718044217102,0.560364609541422,0.543095696031289,0.526670197918091,0.483519826780166,0.543167926079206,0.570584487715928,0.526226098264596,0.507326777834591,0.533817135144423,0.496413763798615,0.541979254695293,0.546204302524507,0.546664636086928,0.550591495022656,0.546955153291667,0.547164358158044,0.56076753801985,0.561037956075449,0.553019825224758,0.52748421821154,0.544530928111503,0.52964961919752
"109",0.60874382847281,0.607445954004644,0.62367240942144,0.638183433566128,0.578062268620098,0.539327326807752,0.587741852784847,0.542115972019691,0.564991713089698,0.564991735953269,0.556470685223921,0.643496117271852,0.591830593017917,0.571703756729431,0.570222356600696,0.609169374216335,0.59488268251032,0.594483204183582,0.54097755043835,0.529097729923389,0.556840361913914,0.585977085725895,0.565755250240402,0.537383970676308,0.59677465048236,0.594695403284394,0.581884790449677,0.54674125418688,0.564126401333334,0.593459273152063,0.610939962231623,0.587247614338927,0.556400098603342,0.555880507865108,0.541292818493809,0.62052732491992,0.571865042517582,0.573760110525729,0.564116035358849,0.539746946119591,0.587012514162981,0.567332075752661,0.564260229942602,0.528287685374169,0.557160985367827,0.582389284010436,0.549080419915851,0.550733468245965,0.579569819168847,0.562098893550146
"110",0.573869599062441,0.566458583771014,0.574953279847291,0.520178523581776,0.551689861643342,0.605058008053034,0.543527886147814,0.563528339107197,0.603422440659745,0.588669082754571,0.603490343531982,0.571643626433635,0.568678642048895,0.597818847021604,0.589132597894653,0.592003888653273,0.592427729937474,0.517934636980012,0.575583005438774,0.552271293388572,0.578426489289929,0.548834715829193,0.603921927460559,0.590535651176976,0.556974633019076,0.583317820202458,0.583220926651205,0.569600111102324,0.543268336917096,0.572279046384596,0.559060405327488,0.572825976297378,0.588499060470239,0.588025173835875,0.58621111225134,0.589471881156087,0.584081378742855,0.5761407042372,0.564744058770204,0.595819470315143,0.583043861533385,0.566979472901133,0.587643119319041,0.570073053466095,0.554445657905921,0.582922393517845,0.570945884897016,0.594487653648103,0.580110425675821,0.541475749477327
"111",0.515126447640567,0.533202329473477,0.534471692255166,0.567207110711508,0.572483590960698,0.558541953930409,0.582335771752594,0.588487791706618,0.542191311666796,0.575078391036377,0.585209567897042,0.553518156933051,0.535275322219575,0.590365371298853,0.564643975550034,0.567825611245682,0.550260392368947,0.610479273829795,0.561217836245008,0.599117899436283,0.559014621969828,0.579051302113682,0.564388480048107,0.579428181278195,0.511010153070978,0.547696231868755,0.588479325770183,0.581723306902395,0.638981158865485,0.57831191462764,0.546950734432435,0.551059506827731,0.567365751391538,0.586915053193164,0.570151631407889,0.568903744409934,0.550973080799395,0.60790458612596,0.571507622416463,0.562497159215919,0.543166447105341,0.591161130242351,0.572580266923868,0.576728433790505,0.584069025220631,0.588156350150993,0.61158381015178,0.563997250555827,0.525963369958642,0.602426674354235
"112",0.623718591986012,0.635360314133877,0.64431766672431,0.620489619712098,0.577043630199707,0.599596421661067,0.612713054926063,0.592699459394105,0.607170339065789,0.563859537376059,0.581833328345744,0.61528133733087,0.623243617844664,0.55063881109367,0.56617933211398,0.593551625531034,0.606087868828645,0.59439413788423,0.604011332207848,0.572762231478554,0.578819272217201,0.632728465639723,0.602365080292861,0.585777153317384,0.61896016525349,0.602626606148798,0.597204271457932,0.60318956179268,0.576487970167074,0.563732348425921,0.647881242545882,0.611825065800751,0.580746626800948,0.615985026560587,0.574915278418253,0.636551719800874,0.602686913436846,0.589280867472988,0.634987736540188,0.585073872854946,0.596934842443181,0.588106556682886,0.621742550795402,0.583593301139515,0.587255913011886,0.597298033536609,0.571651888455739,0.615562779149925,0.59800591553684,0.604020079220119
"113",0.634696483110894,0.619442257817302,0.614632349554333,0.640088224698927,0.599267283797742,0.650579685176325,0.631084432062545,0.609528345136983,0.617651436155144,0.597825810902379,0.654616244682608,0.619945338549512,0.637204723800251,0.608862961116206,0.624568233811896,0.606347825036898,0.620521420264425,0.59781073015985,0.626390763286943,0.603932091005243,0.611046016133165,0.596530536899987,0.62609791058808,0.642480190350455,0.615145310363565,0.636591155479844,0.605141485170582,0.593183436275497,0.595823192230151,0.630993488873651,0.616906481337746,0.628224746576567,0.617023988323816,0.628177872035377,0.639377203685497,0.584914229266428,0.605644223130873,0.623508635339834,0.579498422018367,0.641515849643004,0.627712458131447,0.638656674413,0.647115481355075,0.627547517070685,0.618119493485131,0.595482988184718,0.597151948825247,0.608762398786321,0.650109821112436,0.597375462656851
"114",0.716626901371005,0.686935621061348,0.696971651530753,0.689807259999789,0.721100859688918,0.72210352269896,0.678547642626903,0.709215152060965,0.705880955614904,0.702625784292954,0.72770066042713,0.721407077241834,0.67448495789537,0.739614877725572,0.721941507422025,0.701796138587505,0.689831515594292,0.7023300364384,0.673048622557555,0.710197099398618,0.714213237569486,0.695363910028767,0.716003178165404,0.678810038177677,0.687029186703348,0.709766329095284,0.756642078269945,0.714655715896295,0.725009954792217,0.68482160266257,0.69398237638692,0.710160349252679,0.733364235994306,0.709798800843274,0.739010814842851,0.693298808873124,0.696456418570775,0.727233044358584,0.710562444725419,0.712904506160608,0.703997839145029,0.725574115789756,0.676527016150132,0.698274629239978,0.69087783156575,0.670164084977244,0.72438397639878,0.711399238665836,0.692185451703657,0.699624820883127
"115",0.760885575679383,0.743547702290149,0.727150274905769,0.72946113841172,0.788079683808341,0.780085593020124,0.831197886256615,0.793518486357361,0.828292984757192,0.755597448584539,0.763498658304359,0.722338005483421,0.74590304952528,0.831340567085148,0.779836354982892,0.743049927913147,0.761031287745216,0.760511813098079,0.832432515737354,0.806400205764458,0.78201017453903,0.790056293688976,0.785892862288841,0.791202725056812,0.728499875886983,0.72496908068411,0.783545266659728,0.778173548375091,0.802713755262091,0.813323863281958,0.730659054733354,0.740752976369027,0.790541264086392,0.804040109722167,0.783829167472792,0.73596102405259,0.788005425666684,0.797772611698904,0.787925854018329,0.793641071663763,0.75922700799904,0.787821791272945,0.775312750446845,0.824271958262386,0.78566806318641,0.81311935756461,0.785743955152036,0.792695895364573,0.718510481839854,0.799792705324712
