"","V1","V2","V3","V4","V5","V6","V7","V8","V9","V10"
"1",NA,NA,NA,NA,NA,NA,NA,NA,NA,NA
"2",NA,NA,NA,NA,NA,NA,NA,NA,NA,NA
"3",NA,NA,NA,NA,NA,NA,NA,NA,NA,NA
"4",NA,NA,NA,NA,NA,NA,NA,NA,NA,NA
"5",NA,NA,NA,NA,NA,NA,NA,NA,NA,NA
"6",NA,NA,NA,NA,NA,NA,NA,NA,NA,NA
"7",NA,NA,NA,NA,NA,NA,NA,NA,NA,NA
"8",NA,NA,NA,NA,NA,NA,NA,NA,NA,NA
"9",NA,NA,NA,NA,NA,NA,NA,NA,NA,NA
"10",NA,NA,NA,NA,NA,NA,NA,NA,NA,NA
"11",0.205038426149849,0.201872920092044,0.207331580351534,NA,NA,0.211535190770594,NA,NA,NA,NA
"12",0.205317299353752,0.20174537399005,0.207879113884837,NA,0.203224552413366,0.210978965226481,0.210331331246805,0.214244435260967,0.205033466667355,NA
"13",0.20504514090452,0.202775859087564,0.207993126948187,0.210522671584394,0.204316023731733,0.21035702995094,0.210960495651269,0.215540210973473,0.206163870362326,0.211134384020176
"14",0.204359634862532,0.201312198686939,0.207644739217652,0.209194731343883,0.202507440018799,0.211688080524063,0.21057296148225,0.214003847129253,0.204725791677994,0.208488186203683
"15",0.205705493256263,0.202533238436069,0.2082579582658,0.209925418792818,0.206333359843141,0.210859586613349,0.211238312030983,0.216090923988964,0.206534098339058,0.212121882451042
"16",0.204540554523304,0.201594774833709,0.207620698560053,0.210353383230368,0.202132675380703,0.212080185666903,0.210183010221191,0.214973395106239,0.205387075260103,0.210398230126162
"17",0.205498186107312,0.20232227141863,0.2081608221409,0.208707096923665,0.205126374026697,0.210002123336615,0.210883797332973,0.214470954701201,0.206192453834817,0.20977489036275
"18",0.205068254173901,0.202532476061122,0.208043554872468,0.209818445284935,0.203457667405206,0.210185807637979,0.210521812535804,0.214345333643319,0.205771516433182,0.209406392419058
"19",0.204627049165329,0.202206023745573,0.207484230025281,0.209158872794236,0.202993217663407,0.20967058575905,0.210766237229082,0.214162721552341,0.205865460521836,0.208476165824702
"20",0.205813994731542,0.202152306865403,0.207742980992721,0.209477291657105,0.203252327163068,0.212087175094373,0.210838925262462,0.214857434972956,0.205928810781956,0.210013001507739
"21",0.206350617039835,0.203295812153433,0.20841310171395,0.210647907406661,0.204187720964683,0.210629154669261,0.210981959979391,0.215498063358596,0.206784968756182,0.211950864567271
"22",0.204987141373231,0.202513753380073,0.208155452483912,0.209885074446825,0.202720934165236,0.209991091164516,0.210540436969085,0.213959472109993,0.205594031602016,0.208890639600476
"23",0.206404264084849,0.20385308257717,0.209039014256427,0.21029147908727,0.206327755912477,0.210947985837231,0.212213184809742,0.215444162539764,0.207095140342163,0.210596114942977
"24",0.209159659138039,0.207167255606728,0.210978416728035,0.21313731859016,0.208520598397867,0.211893978457759,0.214109437385572,0.217298534434358,0.209513280098189,0.213986920764379
"25",0.208224080496237,0.207225526865985,0.211017046025912,0.212254345799141,0.2081470886489,0.205927589434896,0.213076058181254,0.214893481168858,0.209186100004383,0.211025682276761
"26",0.206814835679491,0.205170755186186,0.209366451399505,0.211257345882564,0.205836476677375,0.207218338242088,0.21175212716669,0.214196655434703,0.208587689348216,0.208832540548984
"27",0.210956342555649,0.207727096377974,0.210622029748477,0.214084199724591,0.206230674652075,0.215175266488324,0.214474435961707,0.21820509105417,0.212078769960992,0.21457440599449
"28",0.225554093798032,0.223943060683709,0.221556002836421,0.222112203014152,0.221964345305134,0.216066943342949,0.224530827654781,0.222725718647978,0.223735180531183,0.225774675740692
"29",0.20288245307794,0.207248731712878,0.210924653335368,0.21325229468553,0.201909763536557,0.189670023321596,0.210444838542177,0.20721073111137,0.205870774516964,0.198273715601068
"30",0.236277729596436,0.233122968896372,0.226544349621134,0.227529424381738,0.241210806792726,0.23237862275621,0.236486037324164,0.231992084786899,0.234949791209711,0.231486846419573
"31",0.22234085800375,0.227541155077515,0.223780258019923,0.233079279552985,0.208902541665066,0.206853215246476,0.223312096152315,0.22099571289705,0.223903423608196,0.223431207027298
"32",0.229211477342285,0.230882865671046,0.225457019763169,0.227517828806214,0.232264700264468,0.217386595537335,0.230045062773354,0.228019436057415,0.232931514729142,0.225226024412025
"33",0.236499448096559,0.235120488864001,0.232616699370019,0.238195415621494,0.223045368208724,0.232755699914141,0.231072281119289,0.230281238456635,0.235437170070723,0.234313472124748
"34",0.246685437316073,0.254391685646379,0.241857976263714,0.25059980990747,0.248380683589047,0.238924209261152,0.24495599270604,0.246776369226774,0.254807729601478,0.253020426899468
"35",0.235854159420038,0.23954522784494,0.239398404865049,0.242937424158132,0.226009707014548,0.235274832395123,0.236440973101943,0.23331905870689,0.237557742163916,0.226782618540411
"36",0.258053554735345,0.260277139788335,0.252448216091035,0.255118348771559,0.276930579391525,0.247011365751391,0.253969021030217,0.261746388577696,0.266975617842845,0.270008550589823
"37",0.251872274471384,0.257477388336198,0.252694524931746,0.263798816746156,0.244257388537444,0.257293799215177,0.246722617737358,0.254084561344364,0.261514935471274,0.259492675213663
"38",0.270935997417131,0.273998797273948,0.265507273633457,0.261393603190549,0.287898227844171,0.25078686310412,0.265865534384534,0.26157904963584,0.281631461499627,0.265774549698012
"39",0.247956700861814,0.255210262862075,0.252267344699087,0.257492477357183,0.252218899520262,0.248490383469819,0.245050191526196,0.250072325431451,0.260133646472678,0.245069267802892
"40",0.27943162636811,0.281925566527787,0.269357156478084,0.273787743583484,0.2904337970852,0.287789419831677,0.274247406900746,0.281111515892518,0.2927767344843,0.283866001323939
"41",0.26262333565553,0.269068995224555,0.264847710112684,0.269026544336693,0.244231457194692,0.262572253851297,0.252560095209394,0.261741890077007,0.274094085852824,0.264007697613045
"42",0.267548153844095,0.273191666703553,0.267654807186898,0.266321079786593,0.287503947142594,0.267944394004927,0.260789352887645,0.274536471765798,0.287064984445647,0.27347670997579
"43",0.296894906566542,0.298885079414402,0.292139260490078,0.293379797176158,0.300191579063371,0.308734372956987,0.284940176780439,0.289365906022832,0.309120512606539,0.294762860787669
"44",0.283848350659083,0.294299789593302,0.282697422442589,0.286100126580667,0.304670497409438,0.280343759835755,0.283854753270189,0.28479131691789,0.301048340910401,0.28086861141202
"45",0.298024045079938,0.300622058478968,0.29555458277027,0.293196444975383,0.315632755074627,0.311045574403161,0.290667198777002,0.294088468977069,0.309209552960072,0.291509702541635
"46",0.309342386376806,0.318603602721839,0.303664378349335,0.307010993019036,0.327404789192551,0.306605939878577,0.297071355095532,0.300444303107963,0.329285559111274,0.315379200784377
"47",0.287608133770977,0.30082495197737,0.288943857445073,0.291882730426527,0.287012782500016,0.300873681283247,0.279078268048366,0.279878964043616,0.302189750113077,0.284286029350315
"48",0.319533470550291,0.327781793708867,0.314349582462625,0.317750303268015,0.321099534622034,0.334441538435853,0.308396282649409,0.314237371098521,0.328240075497968,0.310300452006841
"49",0.310788919290475,0.331782041042532,0.311726940642438,0.322273094026505,0.311063840312026,0.325044288301742,0.296892532333792,0.316415680039374,0.327996389536491,0.32279270153081
"50",0.332930864880974,0.340679667885003,0.332495463697042,0.334146767820181,0.342975498962469,0.354550453121011,0.321444757479862,0.332940698003625,0.341570330414021,0.332064311070972
"51",0.35904907823712,0.36798849912924,0.351513213801437,0.352736249487747,0.382396307184863,0.37008050431613,0.343206922988553,0.347090735132089,0.37731403117359,0.359880962945237
"52",0.337144865257383,0.348959647555781,0.33399500491345,0.338580311849708,0.363926473615274,0.341071722397889,0.324931658807938,0.33334364870361,0.346988472986068,0.335854583984379
"53",0.382662592391938,0.388129272292302,0.376038535322998,0.384811590676499,0.40574128649771,0.404201008167735,0.373146306041979,0.381598094548366,0.39947870579734,0.383773560128986
"54",0.331656729201709,0.350322188709822,0.332210699557564,0.340564765897197,0.352712164193307,0.341340477015598,0.32416392200489,0.336676895755631,0.344371580348491,0.341508388954444
"55",0.308889613991331,0.317789078490545,0.325525623194013,0.311006359292488,0.329360450409665,0.326283244796325,0.305934369861408,0.334029876924925,0.325678775048789,0.317567010181457
"56",0.372909082356403,0.380141490419897,0.362106739915817,0.371373781365619,0.383308636565755,0.396161412640051,0.349755892336708,0.390114426671169,0.378208381517491,0.389325105863271
"57",0.372111379607732,0.381399658831869,0.367427117828056,0.373747154601405,0.382914567848663,0.388672318710934,0.3374398755721,0.373124357332751,0.3881403266248,0.36911746627855
"58",0.408035001760145,0.404237584831236,0.400109469925096,0.394019611363617,0.418278761887125,0.422821059605813,0.408574784212891,0.395998988533092,0.435035909365797,0.397432252119856
"59",0.415831588732467,0.40937161661351,0.398878349703693,0.397166737411517,0.442137391367122,0.417218187155436,0.411945258606243,0.415070539115318,0.409591685334964,0.410534786762946
"60",0.376973537566223,0.393493021724512,0.383600029574341,0.372767989493401,0.396443827023443,0.404621324787452,0.373441904807577,0.368039208557078,0.378096018481378,0.382466262121808
"61",0.336413958246619,0.351501067291202,0.336838680901809,0.331599731254733,0.306434996719204,0.330737640373192,0.331340584476487,0.333176324103233,0.340885371213217,0.314556894121151
"62",0.32915957240835,0.363638708778165,0.346319041265528,0.339923568830137,0.309639010668839,0.342985173485246,0.318880407972869,0.344287506002779,0.355529865619851,0.362241527026709
"63",0.419033429283257,0.431333017994793,0.435380032859678,0.442316498257649,0.375464131658827,0.433683364344118,0.414665348665634,0.443217852630487,0.426739197747265,0.434183214556877
"64",0.414406771133735,0.432700397235121,0.419339265294366,0.417458008213538,0.42317977620393,0.42479684515286,0.392740254065724,0.422776383166079,0.41301415705496,0.410571037050989
"65",0.416311231758021,0.425756018827367,0.417488645506573,0.410608008771645,0.427631304315901,0.428651257219695,0.387820511911683,0.410074290801085,0.418198945673443,0.391157073419217
"66",0.414350474117793,0.417717269175288,0.411789563445163,0.409893293456738,0.430920546061706,0.447087376102587,0.403595598937013,0.422478356191813,0.431720222227041,0.430060376279427
"67",0.514842486261068,0.529749381957494,0.550276888489995,0.571252486985203,0.49394909335374,0.466532128958109,0.514444634258365,0.526380775814243,0.437792666814173,0.547535151430542
"68",0.409299973191727,0.389390282412216,0.365346431840956,0.455996290061563,0.43532966137581,0.380538836834729,0.435472323774869,0.457132718562725,0.368153117087909,0.445720362260377
"69",0.466066166500444,0.405199300538107,0.448062982770846,0.473802518193552,0.482784750087948,0.463591410679907,0.45044508877049,0.471626355704762,0.414336053237047,0.459479805227787
"70",0.521907979886255,0.45501936092893,0.48430460273513,0.472606548739568,0.540514789367591,0.501979145212822,0.530698217678437,0.483369564219392,0.442463304379893,0.485480460337326
"71",0.52006084478728,0.452830827904223,0.50266173166376,0.496298054468383,0.486364430569795,0.517333480372826,0.485150141314972,0.450521237638615,0.501205732092944,0.494936971459945
"72",0.597926169071862,0.566821425283265,0.58455512116577,0.603254333451722,0.553755227561954,0.585884410829684,0.638559933084512,0.621738053554648,0.628135556122112,0.611607774789811
"73",0.48494067928112,0.482514766640503,0.448423247589188,0.489792759630352,0.462614313877237,0.500201951799766,0.519136147518449,0.512032972055655,0.496012505304599,0.479237663376019
"74",0.463316801973331,0.475084205042532,0.47986774043732,0.459933601037132,0.435320970488273,0.467831137396281,0.453258303692849,0.44740066497277,0.443345489585201,0.416957298003138
"75",0.407640152742671,0.397241600154146,0.382893459280715,0.365065379418108,0.400645489634234,0.368709510140962,0.392333536124321,0.345533751661422,0.35423741098502,0.348151095747412
"76",0.392010668612271,0.414314880347016,0.393973542060155,0.314862989168378,0.356959962146518,0.359139444320856,0.345412009561496,0.375568651859206,0.385725636077278,0.35657834511941
"77",0.479585433913864,0.470655013451536,0.501967229762426,0.453080845489843,0.496657434072637,0.44915280739924,0.470885494476545,0.493813602528514,0.511858753103479,0.465773578939339
"78",0.480056085632308,0.501816135267651,0.448855065039566,0.501639766144662,0.528896791815205,0.471921887642388,0.498509818952579,0.484735902339493,0.507897209539782,0.504808288238125
"79",0.533676833458981,0.495631396152274,0.498180478101077,0.548608803384787,0.515702049847126,0.526920253368949,0.495388869460802,0.510913612335722,0.540879887074371,0.484944629060388
"80",0.472673737809322,0.514810675852644,0.479450970968729,0.479884393168936,0.477255118040666,0.495768500557019,0.493151694187982,0.535999131773922,0.534452876878363,0.497053625465053
"81",0.490669220841474,0.437951400486217,0.495122158077473,0.487543470071343,0.541832854327224,0.509674386888112,0.49118201443603,0.502015337076156,0.462941676257411,0.507123488567891
"82",0.329402492978758,0.341702086735831,0.333543149960249,0.318100680789973,0.337934378178085,0.332804024506473,0.333051637297388,0.324611897349848,0.360112031324642,0.339654226805752
"83",0.358940765142504,0.381204972426452,0.36757533207035,0.383654157583134,0.355777197526759,0.353169860276194,0.319684958460898,0.378543225378012,0.386571408910527,0.378610701406488
"84",0.440998482050079,0.48348398143383,0.46110940707136,0.482891012777372,0.479422873890441,0.460519046828893,0.459290893160846,0.484649688848747,0.473283111382033,0.498936391954374
"85",0.48685783682304,0.479925479817671,0.494782303298227,0.494003234828598,0.478833882939234,0.456908883582883,0.45696882634644,0.500340589747082,0.49728581432516,0.497011036462769
"86",0.464230638990635,0.469140716928117,0.480742571764552,0.436509415822908,0.498333778729503,0.512400753813124,0.492738894586363,0.484635358429238,0.458404882814991,0.47936980703929
"87",0.498202385586184,0.516916891929346,0.490764608991992,0.478931264961612,0.492673686740946,0.432727995940598,0.46715400144633,0.483352958589925,0.497321763610015,0.475861680814956
"88",0.451149098628679,0.440821792435281,0.455909186783269,0.445291723683251,0.470012407420538,0.441978215367956,0.453893388479974,0.474359622958759,0.473958504605802,0.457935878973605
"89",0.298945849227937,0.311676902081754,0.301130503761132,0.256231654162168,0.285666897478267,0.319651605248908,0.299717442123683,0.295276793380698,0.313700718404369,0.28404369681049
"90",0.33252467074393,0.360756458523243,0.338931144492947,0.360322392282776,0.333387577073261,0.350820907326708,0.341668060575044,0.360192398879739,0.370346371125056,0.341599370394825
"91",0.406900256005675,0.423406455262127,0.424885704383725,0.431175689505681,0.41578311101071,0.427381550506568,0.398036860157084,0.440061206725229,0.441241369886382,0.45301313353015
"92",0.456262484129986,0.472314152546168,0.446463608637963,0.460581643931811,0.475605701855246,0.478513709686698,0.446091438072157,0.483317973269973,0.475383926438776,0.464468154619204
"93",0.477520603860313,0.480904919893151,0.463671726399712,0.464306552464827,0.483597687363712,0.512153891597065,0.457545610155379,0.486540826682664,0.490606584021503,0.46594777623068
"94",0.444524402545596,0.44931003186945,0.445597113970139,0.425994392478608,0.462110243674202,0.450659982392675,0.446395790474066,0.447776003671637,0.447772395030601,0.464209044404427
"95",0.410949390567426,0.425389206384437,0.423099151560389,0.411648029426842,0.449741133583555,0.414567617563128,0.406947602966131,0.425119477979458,0.433415167987819,0.4420763069079
"96",0.303255561396048,0.321916634814515,0.309081897822351,0.295359982633945,0.272889058373436,0.298695125317311,0.300152244117782,0.30837717624543,0.307920131801864,0.300165985466667
"97",0.294466356396749,0.316574845185464,0.307937386901824,0.311350071964002,0.284570202845341,0.303361865804762,0.2908624398416,0.326449284844593,0.308395557831458,0.304190665719954
"98",0.436970249610877,0.462461713792186,0.437939666271051,0.445972135857762,0.474548681201871,0.456876109274943,0.428738141813655,0.47681791049119,0.480394999950073,0.45641615420192
"99",0.477575930203566,0.474292500268634,0.454962572246528,0.435661099044003,0.48161709636503,0.481936230978448,0.463567724241394,0.456736995411969,0.474861323720407,0.455123532061051
"100",0.494287961159569,0.495792290500705,0.484304550896594,0.466360013717418,0.491882607495184,0.484481590680217,0.494956937642058,0.497467417218414,0.504327217630654,0.507850750296783
"101",0.445554801826136,0.451027446133914,0.456672183282593,0.432462089041835,0.483334527277435,0.432951873881036,0.43058087878778,0.439003780283155,0.43013999438087,0.444102931140782
"102",0.399794814951391,0.421816046313722,0.406620115617353,0.394976078848013,0.386128597123426,0.400004640893569,0.399500756212858,0.391456111898774,0.426137885003698,0.394618202058003
"103",0.36353207191135,0.378852382297801,0.367159215960255,0.368958597350231,0.341859441969182,0.33350474036654,0.355560388221456,0.392163632474326,0.406680787462283,0.372359020599004
"104",0.419698504792622,0.456837645637107,0.463601099991926,0.46157448240934,0.387865416758707,0.450592154667448,0.404098329890765,0.450337589711907,0.462903647833408,0.452924808993811
"105",0.498830101660266,0.484159805121563,0.52015022427985,0.523062465600439,0.551484776084566,0.502746878872082,0.541136804940182,0.521411666479146,0.470985449677396,0.516402028821165
"106",0.50407913851849,0.509332506454475,0.490382690215312,0.53658662738365,0.50559971304336,0.477892912831172,0.451265641769906,0.508711819301702,0.497308687639924,0.491371361436089
"107",0.495400155631678,0.50204765245571,0.478151823381078,0.491564827378376,0.492199991624625,0.508507641313344,0.49520470730304,0.480030513586587,0.488080989733153,0.469463294094453
"108",0.499836234316695,0.476389146543054,0.486348196169095,0.496200388150006,0.496910537886663,0.477056318544452,0.493696470768981,0.484674945316554,0.524124740244784,0.52800658335712
"109",0.453716949774452,0.476838766114793,0.461915607302738,0.436876271143239,0.446439507852944,0.426657532627067,0.469690427865303,0.489820647905684,0.456626548818559,0.453066062592031
"110",0.300453810542886,0.287709820806351,0.295611072226624,0.325484080693243,0.324595158811535,0.305799289614445,0.315357961893139,0.310234677225691,0.270613466254202,0.299015111962863
"111",0.298610006438921,0.310411447504957,0.318941747972227,0.314620024310515,0.310231563082564,0.290079726970725,0.331602038351341,0.323492723254131,0.307107105461813,0.315279893077868
"112",0.455907012233141,0.46301754408224,0.447942501149522,0.464485211761732,0.456704781846462,0.45503485345385,0.457302401700153,0.445803382149145,0.46563428761599,0.466219987115401
"113",0.504259253409282,0.49155047140158,0.484389121442896,0.492782384430601,0.481001400812465,0.51945397185832,0.456157973860497,0.479745882992172,0.45904615327747,0.484231729976202
"114",0.484602748059111,0.488226628257345,0.476777611606409,0.48120066731733,0.495547294164502,0.490179131176531,0.507916459528345,0.464431811987892,0.52614645845852,0.480409011256419
"115",0.533733828937086,0.503504613878956,0.512432673585552,0.509696592974692,0.548548383003451,0.474793526756421,0.504033805677731,0.516658643954604,0.484617634738087,0.514643288361791
"116",0.471638036385219,0.485196143048064,0.481031941642743,0.489849271037845,0.491292366388251,0.543949882606998,0.453150741796854,0.447920046064926,0.50080679106995,0.510841781254542
"117",0.411982314433983,0.391697529236719,0.401676847054926,0.39718178999093,0.331107768568389,0.3463823566961,0.39471417033355,0.408819349574445,0.389057969622985,0.352383287098474
"118",0.280190184902041,0.282229770958288,0.271586179102118,0.283765066302736,0.297482968571438,0.288587155155372,0.305068570706275,0.268915674109961,0.292705404866979,0.274736338307262
"119",0.601469050002846,0.525041463284225,0.563314148347028,0.567521269163886,0.607109203772023,0.565032555043841,0.604271948585701,0.562830783712705,0.537453645142096,0.566505957441101
"120",0.537816109075982,0.534436652854931,0.553194272991748,0.562220513327582,0.535141960219505,0.557207750600927,0.526958812970331,0.549933680580039,0.539650042408485,0.527515145392382
"121",0.551210254681714,0.536069156249781,0.525778136498161,0.536775645588202,0.524666849292256,0.53429441004692,0.518564246001134,0.516853553833019,0.515890997758939,0.525559865077231
"122",0.537754414605643,0.553812681878294,0.535946593563872,0.543193868204241,0.538453802195435,0.531508453751134,0.550085717098503,0.530354306880819,0.537444362808344,0.51494636632296
"123",0.521517189154493,0.531612512395651,0.549214595116564,0.549295724530819,0.54270801890017,0.492319214471015,0.524375610650196,0.537157895046088,0.525842061131768,0.526585809741413
"124",0.30138635528206,0.316796805248756,0.316427310643184,0.30084427875602,0.312100719846079,0.297701646280579,0.315526863818709,0.329490732858434,0.309079508679612,0.328165851829569
"125",0.347050057718884,0.370410511470539,0.333933355097126,0.351912625212158,0.37172435941012,0.405714613998235,0.369682390526787,0.340322770386953,0.33904415653034,0.350537011073621
"126",0.470942678676663,0.526432383389689,0.489331155289979,0.470551751203769,0.549271380990719,0.499762178780116,0.49510965289105,0.531943951176779,0.496784040212679,0.476011761619841
"127",0.555799488067065,0.538580346590734,0.541092052591228,0.534799498028697,0.53699546454983,0.55688122988933,0.510153578238011,0.538751075221932,0.550030169229994,0.530244325068257
"128",0.544920606393094,0.542882482275176,0.540073208692115,0.505630024710707,0.544751764726321,0.553128485990977,0.534686500286597,0.552591527593621,0.532103673161368,0.538866186173114
"129",0.511371884152158,0.533778432823889,0.514860876427506,0.50310607220834,0.520214753207432,0.482885281543856,0.485211099526035,0.502833359353109,0.509855477310456,0.500883629280643
"130",0.458707051817708,0.462425628980234,0.458905403675805,0.460730288050855,0.487668632008937,0.444840447947047,0.462385019416959,0.481958199124325,0.474443643279584,0.462642235569062
"131",0.290348020993297,0.308626913165885,0.293947214320053,0.290519675560027,0.299558649158946,0.286946737699297,0.312368559008042,0.315436730851427,0.312596102449158,0.29088339080732
"132",0.391470151079101,0.426080461534629,0.390329824847623,0.40252863708597,0.364637119250737,0.410377376787146,0.378022378573807,0.42584837957347,0.436570127868613,0.430636474445965
"133",0.447298932769593,0.451623507923883,0.474939631705191,0.44476439769108,0.424482501384217,0.462639698315136,0.411043065804521,0.453036717024302,0.486459414483054,0.446239117592055
"134",0.487220232376823,0.494171845456055,0.47985796136748,0.516639143095849,0.529140043017381,0.502678205041192,0.493128972559665,0.520448545844381,0.514567857963017,0.513919292449868
"135",0.568674014991903,0.568314543629427,0.576974199262431,0.586150905094852,0.5695744577805,0.578965359674034,0.531205701707065,0.596914424510685,0.622470339601026,0.559272510200458
"136",0.568092325561827,0.58724969343354,0.572957372589003,0.566849536621016,0.575648159045439,0.628900666533013,0.578382322414747,0.595933815156021,0.590041191145563,0.615481601814859
"137",0.52902791277819,0.529582464617776,0.551064629095391,0.550179302890239,0.596036637562694,0.656996662140238,0.52542640059349,0.529678447444519,0.581873470645361,0.590580419363907
"138",0.427593662078001,0.422105284207164,0.423518676623029,0.409998776547608,0.33941420017744,0.428139091020579,0.430103322386616,0.411862755249465,0.47459318454649,0.418234198351164
"139",0.319209959328943,0.328907336825,0.33380763226192,0.321560646523288,0.337253329632342,0.319545093635766,0.32173215523864,0.339853743155783,0.364914064231998,0.309729423397668
"140",0.650439995224137,0.587181665366548,0.621227019331487,0.628600639878397,0.632879397520888,0.628159809595159,0.649159106936324,0.583358793942607,0.58468769764555,0.622037372535559
"141",0.597219428148761,0.558115983567216,0.629077115760842,0.6160278438542,0.595967360507793,0.62021905135651,0.616654158731708,0.628599895119859,0.65458279866347,0.590469078154428
"142",0.624208774361759,0.64491261300389,0.633268186483853,0.640082666909473,0.639051420467412,0.644579503743727,0.649502446357178,0.640024825879925,0.666504105679999,0.686987362494837
"143",0.642231600210073,0.655061895111395,0.655578935053118,0.66660485969112,0.621183825938783,0.6287488088041,0.603032622568443,0.591084801179945,0.60685390910367,0.607750822281949
"144",0.541770640823664,0.541266029842355,0.575811948224236,0.54632232597586,0.531203601571761,0.555227379181804,0.55699782314883,0.545403236337216,0.548573410626157,0.546126847933244
"145",0.269161734358915,0.252610893343125,0.233445719628776,0.278970598086928,0.292957393763377,0.307687446271708,0.269078328136696,0.263618744225583,0.264324730824004,0.307914352443953
"146",0.344026689205136,0.337475710156625,0.30920584555668,0.345506557421795,0.330430200156497,0.380129940591058,0.361335029522604,0.329286126193169,0.350595528500235,0.316168633882985
"147",0.516635272921113,0.544869850241707,0.522808208347026,0.516404729679185,0.53883227287707,0.526625381246812,0.531031419168109,0.50347013534082,0.520901819920485,0.516811494362868
"148",0.581932588078021,0.562757702639355,0.551297940737282,0.559827473658177,0.576133732509318,0.527961026719224,0.555767841227568,0.579592643600341,0.58009597689387,0.568867619913057
"149",0.558537981540876,0.583006367713964,0.57605138831494,0.579094439840021,0.552978107682834,0.567166083319385,0.579561916203325,0.566334587885651,0.567867726884268,0.589633416638915
"150",0.560533934140047,0.582725421354047,0.547708463911662,0.560002438692879,0.521043705363752,0.474168857169766,0.521617755129903,0.519246214309505,0.53035412155179,0.524767364161751
"151",0.493213333941638,0.470978717139506,0.473581012892722,0.490199558038014,0.49064756725448,0.525362308846431,0.522179077880107,0.504147687420643,0.472276061008675,0.496308438945825
"152",0.259406942703367,0.256624328454483,0.252572400859712,0.3054331544577,0.315784956777252,0.24009452570578,0.290787148359726,0.268662521808758,0.241160276322388,0.249290171970182
"153",0.289777183104468,0.265866282870704,0.292714109402905,0.300762079224133,0.330539596047007,0.26380855031495,0.269657071441605,0.278287677755755,0.281769173962208,0.308926528359028
"154",0.603978120236209,0.557340145749097,0.517394681150566,0.548777705149823,0.585657221737297,0.540134276009262,0.590252995930187,0.575233041753573,0.531571856349849,0.571026259139134
"155",0.560992987469918,0.523130353403612,0.543922494378553,0.540275374613549,0.524991501696221,0.55107415006177,0.493504241717265,0.509171732898641,0.513681286678818,0.53228650542536
"156",0.555280696194054,0.560102603443164,0.589077172700041,0.535035906483489,0.557304455787096,0.580537348254713,0.568845336199748,0.595949116609807,0.552285773861117,0.603009447004749
"157",0.562926446525975,0.569015507032528,0.566112242809031,0.57160425152753,0.566643076997199,0.552221223638662,0.551295141413495,0.549228469206625,0.537022750987413,0.550604787875773
"158",0.517066546266917,0.494864377061529,0.51986289288251,0.513356446983975,0.515416148868801,0.492474010134614,0.526769636059923,0.499835794574841,0.491205152070236,0.497573784777788
"159",0.213070529321788,0.205706120480625,0.226662271794454,0.187103870394369,0.239481029816926,0.270612760421545,0.243050018441194,0.2012313881312,0.243724141647419,0.260672376160665
"160",0.361634331365657,0.385598533753973,0.355146395864531,0.372947482850409,0.341719693874713,0.384719518153408,0.352980975565547,0.356124338283785,0.390357920478906,0.367925562651401
"161",0.614253855330831,0.572277837471043,0.620223624357445,0.610575099405134,0.597081896636532,0.605676879997645,0.610191135027724,0.625174395052935,0.559417184198983,0.626745348101999
"162",0.510680478111645,0.517123224380945,0.530382919038759,0.517112946952263,0.554502842244695,0.527414839093205,0.542259963331547,0.497202068020295,0.479094286732076,0.527971553568419
"163",0.548130994820653,0.559674951176536,0.552752976295813,0.549927788574802,0.51284444128414,0.519690375131833,0.521087364192984,0.527768117904584,0.503001851624168,0.489274575814122
"164",0.520469966391645,0.533612163577989,0.525045506657411,0.526005015531401,0.510227207884665,0.506690422450357,0.500854415230907,0.487673351878878,0.505946409165157,0.521209399953754
"165",0.423152743219102,0.399111828953557,0.401913339450981,0.410648160802708,0.423126000408378,0.450107114399064,0.470200870747244,0.439216132381744,0.434160815606079,0.433884501039843
"166",0.243287167160025,0.243604180617803,0.238926714396198,0.257795540528833,0.226671283623239,0.250778606100431,0.288512642770176,0.261304143925902,0.242405106552747,0.241360085937838
"167",0.324085270649132,0.311786014931301,0.315217008265019,0.369322312903771,0.343251084195919,0.333786963410811,0.356257068376514,0.334461336860076,0.324597800028375,0.32917534922759
"168",0.473915630678858,0.461298381291165,0.466839944806581,0.482340189523831,0.480416584276597,0.499942459497862,0.533726481143906,0.491591177070452,0.497035812937,0.493878554740377
"169",0.493751066557439,0.500773927473876,0.476387440388899,0.478002091122966,0.492962408725008,0.487527470068533,0.492244150039826,0.502166245224196,0.495105162465772,0.482635015700491
"170",0.493056874756051,0.473621840831929,0.494886340078187,0.479771433781467,0.468043287237512,0.498599820495784,0.455378336803392,0.490989605914601,0.483309255658627,0.473247139055197
"171",0.407788502837593,0.409196347094902,0.425692363804634,0.377899614191691,0.444218192508128,0.416871228831244,0.409536687619945,0.400873590258768,0.400433599235575,0.401659045940841
"172",0.42795617802788,0.457434068010571,0.450202617153513,0.449534883819276,0.451527661965328,0.419651620473543,0.43664140383504,0.432801665285072,0.453057564774211,0.435339808795969
"173",0.307502456548077,0.314911218091915,0.343713494005287,0.316560112009942,0.287046707219497,0.315269448541267,0.308107884308061,0.322945767913955,0.315989201356856,0.314703105329017
"174",0.378671144470006,0.418237008673401,0.38509866029895,0.39475798958916,0.425362913585271,0.401510753922245,0.395698874684878,0.404772121573978,0.39827533668788,0.399188489427671
"175",0.548199325453366,0.557215860868038,0.571968990973441,0.612782778910859,0.60868948855357,0.58317213688562,0.620585161258153,0.611812433910152,0.622241672331425,0.594932801246277
"176",0.572662974298186,0.563734959533432,0.532951394604477,0.538228143836052,0.584089686702408,0.579512647393521,0.561825560953697,0.558911223969958,0.567081113935157,0.577908544830738
"177",0.53723406721588,0.547338672514327,0.544028971476274,0.548128976953483,0.53205107452785,0.554053385981463,0.542494084926553,0.577362309648489,0.551024233241248,0.557900090906768
"178",0.452932122046364,0.467441443465732,0.486219656641006,0.456065113697374,0.435560341261672,0.421614987387235,0.439853824579936,0.456875189801185,0.451290689708815,0.46067241099941
"179",0.380162512488354,0.396883462437426,0.382924984425775,0.345815880337082,0.35076723143792,0.329215468637858,0.401524643318094,0.389495497837058,0.401555751756354,0.364096687798644
"180",0.366206703418146,0.372449040020735,0.402777126123882,0.356736747159382,0.344686288820224,0.358215056337563,0.362234349769085,0.373181547257862,0.351901475708618,0.343898485004485
"181",0.383523732731248,0.405037347345401,0.413464938819427,0.38725716729116,0.317358180231016,0.339959474494047,0.376433943412352,0.309219085990966,0.342377099628054,0.368548188603545
"182",0.411417199326645,0.411339630357481,0.420409413038431,0.412054334532335,0.404705212622939,0.437594130869699,0.431104028343561,0.420689227551346,0.44703815946597,0.437954739158012
"183",0.467359831261255,0.451477340097344,0.466665758602726,0.502998776820426,0.452160224838823,0.507971287790227,0.508546855624203,0.479374954939427,0.474506022613176,0.515275683463343
"184",0.493160902483991,0.476722854047103,0.474873074583522,0.488039561435424,0.409547761228346,0.496027152878225,0.509897244456466,0.438116749195124,0.464042918301532,0.451974474206894
"185",0.427610509582753,0.385400949732724,0.42626573125178,0.433352483301794,0.445399678987243,0.439423307619294,0.460343108494619,0.431784732054093,0.374897987737805,0.409155081472707
"186",0.287517216244467,0.247982169272057,0.292442243977768,0.258997562429336,0.264050667739847,0.258647883279159,0.263574471217767,0.246553250187984,0.24382398619537,0.283183396383959
"187",0.253517818729238,0.267285425334784,0.241003975393089,0.279678952036443,0.264499823467356,0.251672555621536,0.243877019777378,0.217338011711229,0.260614837896808,0.227400613225835
"188",0.45241382569534,0.367527261209073,0.397344592686482,0.422150881173618,0.469670030335488,0.441053337782742,0.412609140438865,0.405272328843166,0.352738647417144,0.453700618314525
"189",0.412969281974339,0.442572145986222,0.450174443080078,0.405994717125098,0.410012636745922,0.425561650262709,0.441449710719143,0.387718935180223,0.391273347367316,0.430761968057074
"190",0.3966811717049,0.426346097764064,0.416422095828376,0.400130625489112,0.416873039137082,0.352175454136615,0.443532557444434,0.40792360068493,0.390097907836705,0.381861252698701
"191",0.460085891859217,0.441611584240936,0.458534037603515,0.457574043721714,0.434657924961479,0.447860540508671,0.451705324104119,0.455555187802862,0.46563861231002,0.463012350898269
"192",0.410565645206762,0.41249302732659,0.41574378160131,0.391480532090697,0.416932605062936,0.415758415626971,0.401830005783967,0.41947521394914,0.396545935540203,0.395718642204829
"193",0.262940474994058,0.266164705393552,0.271164895454031,0.277126607070963,0.293797726538625,0.239794195346212,0.282282013964032,0.255927770134571,0.259466986533319,0.295248577593697
"194",0.31219141575539,0.324420042020979,0.320316833865634,0.325502761115246,0.28585391522747,0.293379315745608,0.306130442122551,0.332523626365566,0.323319146913019,0.31898192713741
"195",0.377673511915049,0.407350626351764,0.399123055196754,0.399069213174386,0.334039660255244,0.397021869132187,0.368365688275173,0.385641893466261,0.422457989433966,0.383218878916742
"196",0.453372449889363,0.439743178850934,0.453845012266079,0.473154249868543,0.455396283993974,0.478822096768083,0.464823423204769,0.447479598907638,0.427856216932036,0.469659573804552
"197",0.41387550214612,0.415461179252918,0.414798592427562,0.404792026261883,0.434167905047048,0.400778289567583,0.412545965907794,0.405192375166465,0.402950365091129,0.409356732475501
"198",0.399848842879769,0.394522881330148,0.392222618300894,0.37721171234972,0.389095122432504,0.422826390227405,0.366340628623013,0.384499739488621,0.392380523002993,0.363984990874872
"199",0.393599802994695,0.403212952529832,0.395308343403514,0.402081024197391,0.413672689504214,0.44446242725312,0.395543905116956,0.425314337524998,0.44330665667547,0.407885989698014
"200",0.329313261599771,0.34012919423064,0.333375993516601,0.321130791534198,0.372246848789461,0.31579650666366,0.324008149992686,0.348948290778445,0.352657881157434,0.323755559729132
"201",0.240860081812757,0.246126061714246,0.268123069020419,0.252721052497015,0.256452449677718,0.255079919312659,0.251181515224703,0.262025274037336,0.265436046625632,0.25022440833887
"202",0.365652009311017,0.344559133064141,0.338058106654705,0.342042548359223,0.400077173255547,0.413604929116189,0.350704532297518,0.379395259558247,0.379979257362842,0.368552795636682
"203",0.45369442578911,0.453837954355451,0.443233063749879,0.447277735627902,0.437125213148822,0.425220390715744,0.430114887790213,0.444029304024417,0.460561413887034,0.429104709575467
"204",0.408399264882617,0.392379052088776,0.393565560275347,0.394961160251651,0.426331340169958,0.431582549946134,0.439810386408609,0.415773709959587,0.385353915847495,0.396009642978882
"205",0.401896989960356,0.393066123691708,0.405759583111275,0.405631144948491,0.407155672411398,0.432515048347185,0.392796946117075,0.402894934846929,0.379282924488316,0.387327948966266
"206",0.384769618597335,0.409764431027652,0.399236090866115,0.407891239320822,0.323148006814836,0.393243539314719,0.397788128451624,0.387244368104479,0.375359475483396,0.399812930130383
"207",0.243309323705472,0.252093439324186,0.251189833554114,0.245060961196996,0.248026087265315,0.216917501425818,0.260353817998596,0.219334482698925,0.21588020708865,0.249746472469359
"208",0.318854707279672,0.333391499430383,0.327895293501384,0.321389905167612,0.268169170564672,0.265421922915625,0.299241962029809,0.330820373154343,0.272895984467882,0.283218737118924
"209",0.343773725621616,0.349930775576502,0.368129741988546,0.34344432647729,0.353078962083021,0.346266128076434,0.407405887384384,0.330107359301307,0.314628840204002,0.33627358219203
"210",0.456854681019815,0.437693190634078,0.445337462713536,0.466403618830331,0.454972559553272,0.441694771939282,0.470277214330729,0.435046882805494,0.400834790044719,0.444183416976214
"211",0.439027453691072,0.420972386653757,0.458382779543325,0.43363928111607,0.425397136542996,0.388980823612994,0.458139593060622,0.420932574425099,0.416428089692623,0.45414840623
"212",0.418000046793579,0.381347835300851,0.398739754641004,0.398990985539286,0.38826321409631,0.382223756126592,0.389513036577119,0.378395901552911,0.364461336584271,0.386681017223315
"213",0.377412968262742,0.377056759986024,0.377141566927872,0.379474856534116,0.334799950570371,0.382479904034408,0.381285095822547,0.371146636947845,0.381196993087026,0.358382332983285
"214",0.23801998642263,0.237857078689569,0.238622308607768,0.230918000008257,0.221705710394544,0.201574108388929,0.240102815077509,0.216462126089535,0.214602724359497,0.218342619990998
"215",0.239287299985148,0.251441599078178,0.255231196793025,0.256906687039832,0.226654473534176,0.220438572279197,0.237120806713447,0.256757352520471,0.244507565235597,0.236851239337519
"216",0.365586224684745,0.360621851817873,0.367087986584025,0.354161036115772,0.326035416358315,0.337223211778451,0.375411108547461,0.34406124735193,0.349725048895133,0.341490805910904
"217",0.32051750285714,0.337546179863712,0.360237845658079,0.357182627100832,0.344661406063649,0.344427082433275,0.381215323425049,0.367755423919605,0.355077501884199,0.375079803345578
"218",0.381647267481419,0.374985565874518,0.386933741551596,0.38472043692717,0.375702339678363,0.377747366807968,0.373139538501476,0.374265141806718,0.387646104158655,0.389664721708508
"219",0.41707774627059,0.372878173504241,0.403691531494916,0.436500449517265,0.395773316380137,0.400735106184022,0.40055162409121,0.397735710089193,0.409662183659852,0.444902529722126
"220",0.370710199293211,0.357122973001175,0.359655703417143,0.358160581618562,0.386170427105453,0.380762677715617,0.371577522995391,0.35432639432941,0.372450066087458,0.372857816215455
"221",0.283780724508604,0.269004097163646,0.286571567580579,0.266132994333012,0.242282781508358,0.25151960803855,0.274564397179005,0.258723443137067,0.269107087630673,0.263552431751259
"222",0.249996235325553,0.230522719799101,0.216062952313101,0.217898883745186,0.23466811412328,0.23788680254918,0.225142697683441,0.224808088422396,0.235313305142538,0.247206741988152
"223",0.345864502359242,0.301575626449322,0.320394799357059,0.321621574534866,0.328360082261964,0.352806902288287,0.320866311415733,0.337117339266373,0.297512586172658,0.322584023308935
"224",0.316006155431893,0.357119041055268,0.363284508029821,0.305017761571606,0.324935584906595,0.316864114206614,0.378882079132784,0.284601833562361,0.301084101730534,0.319367157290246
"225",0.33378828980053,0.371674811141985,0.355519506344246,0.342994370085305,0.361944833225643,0.289131945739065,0.400447270491639,0.355084132875352,0.340996775780474,0.328670115138587
"226",0.374543269292679,0.352736395749719,0.380228183926015,0.366047653492926,0.362218827426092,0.360312416991334,0.375051939586791,0.377615485166157,0.384054705555934,0.379746938988202
"227",0.351668892928949,0.341482650847555,0.345255285410313,0.323088838985139,0.362839795191975,0.333794997095474,0.331460863465592,0.353513686581011,0.360744147074283,0.37329289722968
"228",0.259038484814222,0.261554717309495,0.267330428059226,0.284427464447498,0.238849919739413,0.258669075397613,0.258667725097107,0.238725478925926,0.276653850028464,0.258193960258155
"229",0.251204336624952,0.267705653735301,0.27455266773799,0.282706452164086,0.230050959270803,0.225216098742952,0.263337648618826,0.271357434685431,0.266151675590206,0.234830423633154
"230",0.388954034325461,0.36039003217243,0.34788883780863,0.384870344603962,0.378842392315862,0.389046140084836,0.385920616950474,0.371798888499804,0.363743747470875,0.374707762149353
"231",0.443684864256256,0.435846949745718,0.421792267527865,0.44236844348881,0.435503645061679,0.433913108201487,0.436452640936339,0.418283123318665,0.406882380388926,0.434500548567406
"232",0.38154780196674,0.374120849985752,0.375843479240262,0.371874640933351,0.401945859790272,0.369980252474107,0.400276604281137,0.351759592893911,0.373557916954089,0.360500564501017
"233",0.390724097469091,0.379336713637699,0.379172642175687,0.376268085368934,0.385283412950735,0.380466244903184,0.380571928686242,0.373448433670214,0.362658552806161,0.36098597473573
"234",0.387584705715921,0.407069852344686,0.389866772399871,0.410256784799627,0.36188799629887,0.396037649814604,0.399760526810082,0.391572976982125,0.397244091224337,0.407569593933009
"235",0.262721800084408,0.26980344445101,0.269167737691489,0.25901793214021,0.253118185893142,0.215783654808851,0.268895962548175,0.254623914277495,0.247025380353009,0.250663108619814
"236",0.262231563807109,0.270552887780611,0.27342971257066,0.254598474794014,0.24977366145961,0.243015143006179,0.24685403566384,0.270293457138928,0.248694661772967,0.247499467138191
"237",0.346732986221948,0.347016502880937,0.350282076048885,0.32809791842384,0.344839062154857,0.337693174895669,0.358210138887623,0.345482274299975,0.345863614708199,0.330402250703022
"238",0.338198605421386,0.342628340218687,0.361932910277986,0.356747544360127,0.348189648684574,0.371824878889526,0.371388837309992,0.375104570468613,0.374827238874398,0.375459571536184
"239",0.347517783991503,0.336071901097237,0.366339798243226,0.343147954360408,0.345339199972267,0.345625604624024,0.356112157349992,0.355066635005765,0.358016574835786,0.360928144534987
"240",0.373831011313327,0.337109419707999,0.359386559662114,0.38526989797742,0.348738406745376,0.403397447116667,0.361089199390978,0.37278515449055,0.380687462622275,0.389367804039071
"241",0.393751808494227,0.393759083208723,0.384420777889125,0.376931410029522,0.387122065152505,0.359169675280743,0.385110316380671,0.370116594688647,0.387028009191052,0.350757256965676
"242",0.278946468266574,0.261615182132291,0.280743846114957,0.267720999924251,0.272213082800583,0.256531561198667,0.297109769113147,0.257220590358923,0.249644732735765,0.242316530275714
"243",0.279424005803952,0.274341837668755,0.258839107392075,0.25971141281195,0.248779746266204,0.269235100291763,0.268367204585283,0.253426098021301,0.26173870001705,0.273950923567281
"244",0.360430592236304,0.330790617246252,0.320365989100934,0.340482615569879,0.37376678106876,0.367195252571229,0.32382436828435,0.319981712004702,0.305364577058781,0.344737228570371
"245",0.431923844468263,0.425826431700487,0.423541220612231,0.430893924617879,0.39944234464619,0.45899720733496,0.419843949340477,0.410876972245662,0.409393604423176,0.424186260757936
"246",0.409937522105541,0.416197201267991,0.41248959950934,0.397774202357155,0.417220377046557,0.400134428220237,0.423666760069764,0.373135927789409,0.389710053573414,0.379932262162586
"247",0.407408096996953,0.419194799960966,0.397433695979786,0.411398772283483,0.405559702449626,0.410834615627253,0.436295012122227,0.419664410985899,0.392561037951032,0.410289360639427
